id,spox_gender_c,location_c,combat_presence_c,shot_scale_c
7287537715829148930.mp4_scene_1,M,Indoor,Non-combat,Medium shot
7287823285566426369.mp4_scene_1,M,Outdoor,Non-combat,Medium shot
7287823285566426369.mp4_scene_2,no_spox,Outdoor,Combat,Empty
7287823285566426369.mp4_scene_3,no_spox,Outdoor,Combat,Empty
7287823285566426369.mp4_scene_4,no_spox,Outdoor,Combat,Empty
7287823285566426369.mp4_scene_5,M,Outdoor,Non-combat,Medium shot
7287823285566426369.mp4_scene_6,no_spox,Outdoor,Combat,Wide shot
7287823285566426369.mp4_scene_7,no_spox,Outdoor,Combat,Wide shot
7287823285566426369.mp4_scene_8,no_spox,Outdoor,Combat,Wide shot
7287823285566426369.mp4_scene_9,M,Outdoor,Non-combat,Medium shot
7287823285566426369.mp4_scene_10,no_spox,Outdoor,Non-combat,Wide shot
7287823285566426369.mp4_scene_11,M,Outdoor,Non-combat,Medium shot
7287823285566426369.mp4_scene_12,no_spox,Outdoor,Combat,Wide shot
7287823285566426369.mp4_scene_13,no_spox,Indoor,Combat,Medium shot
7287823285566426369.mp4_scene_14,no_spox,Graphics,Graphics,Empty
7287823285566426369.mp4_scene_15,M,Outdoor,Non-combat,Medium shot
7287927341144083714.mp4_scene_1,M,Indoor,Non-combat,Medium shot
7287978692972678402.mp4_scene_1,F,Indoor,Non-combat,Close up
7287978692972678402.mp4_scene_2,F,Indoor,Non-combat,Close up
7287978692972678402.mp4_scene_3,F,Indoor,Non-combat,Close up
7288363457341164801.mp4_scene_1,F,Outdoor,Non-combat,Medium close up
7288363457341164801.mp4_scene_2,no_spox,Outdoor,Non-combat,Empty
7288363457341164801.mp4_scene_3,F,Outdoor,Non-combat,Medium close up
7288363457341164801.mp4_scene_4,no_spox,Outdoor,Combat,Empty
7288363457341164801.mp4_scene_5,no_spox,Outdoor,Combat,Empty
7288363457341164801.mp4_scene_6,F,Outdoor,Non-combat,Close up
7288363457341164801.mp4_scene_7,F,Outdoor,Non-combat,Medium close up
7288863058158472449.mp4_scene_1,F,Outdoor,Non-combat,Medium close up
7288863058158472449.mp4_scene_2,no_spox,Outdoor,Non-combat,Empty
7288863058158472449.mp4_scene_3,F,Outdoor,Non-combat,Medium close up
7288863058158472449.mp4_scene_4,no_spox,Outdoor,Combat,Wide shot
7288863058158472449.mp4_scene_5,F,Outdoor,Non-combat,Medium close up
7288863058158472449.mp4_scene_6,no_spox,Outdoor,Non-combat,Empty
7288863058158472449.mp4_scene_7,no_spox,Outdoor,Combat,Empty
7288863058158472449.mp4_scene_8,F,Outdoor,Non-combat,Medium close up
7288863058158472449.mp4_scene_9,no_spox,Outdoor,Combat,Empty
7288863058158472449.mp4_scene_10,F,Outdoor,Non-combat,Medium close up
7288863058158472449.mp4_scene_11,no_spox,Outdoor,Combat,Empty
7288863058158472449.mp4_scene_12,no_spox,Outdoor,Combat,Empty
7288863058158472449.mp4_scene_13,no_spox,Outdoor,Combat,Empty
7288863058158472449.mp4_scene_14,no_spox,Outdoor,Combat,Empty
7289130085691493633.mp4_scene_1,F,Outdoor,Non-combat,Medium shot
7289287958908144897.mp4_scene_1,M,Outdoor,Non-combat,Close up
7289287958908144897.mp4_scene_2,no_spox,Outdoor,Non-combat,Full shot
7289287958908144897.mp4_scene_3,M,Outdoor,Non-combat,Close up
7289287958908144897.mp4_scene_4,M,Outdoor,Non-combat,Medium close up
7289287958908144897.mp4_scene_5,no_spox,Outdoor,Non-combat,Medium close up
7289287958908144897.mp4_scene_6,M,Outdoor,Non-combat,Close up
7289287958908144897.mp4_scene_7,M,Outdoor,Non-combat,Medium close up
7289287958908144897.mp4_scene_8,M,Outdoor,Non-combat,Close up
7289287958908144897.mp4_scene_9,M,Outdoor,Non-combat,Medium close up
7289287958908144897.mp4_scene_10,M,Outdoor,Non-combat,Close up
7289287958908144897.mp4_scene_11,no_spox,Outdoor,Non-combat,Full shot
7289287958908144897.mp4_scene_12,M,Outdoor,Non-combat,Close up
7289300995413249282.mp4_scene_1,F,Outdoor,Non-combat,Medium close up
7289300995413249282.mp4_scene_2,no_spox,Outdoor,Non-combat,Empty
7289300995413249282.mp4_scene_3,no_spox,Outdoor,Non-combat,Empty
7289300995413249282.mp4_scene_4,no_spox,Outdoor,Non-combat,Empty
7289300995413249282.mp4_scene_5,F,Outdoor,Non-combat,Medium close up
7289300995413249282.mp4_scene_6,F,Outdoor,Non-combat,Medium close up
7289300995413249282.mp4_scene_7,F,Outdoor,Non-combat,Medium close up
7289300995413249282.mp4_scene_8,no_spox,Outdoor,Non-combat,Empty
7289300995413249282.mp4_scene_9,F,Outdoor,Non-combat,Medium close up
7289300995413249282.mp4_scene_10,no_spox,Graphics,Graphics,Empty
7290500266414132481.mp4_scene_1,M,Indoor,Non-combat,Medium close up
7290500266414132481.mp4_scene_2,M,Indoor,Non-combat,Medium close up
7290500266414132481.mp4_scene_3,M,Indoor,Non-combat,Medium close up
7290500266414132481.mp4_scene_4,M,Indoor,Non-combat,Medium close up
7290500266414132481.mp4_scene_5,M,Indoor,Non-combat,Medium close up
7290500266414132481.mp4_scene_6,no_spox,Outdoor,Non-combat,Empty
7290500266414132481.mp4_scene_7,M,Indoor,Non-combat,Medium close up
7290500266414132481.mp4_scene_8,M,Indoor,Non-combat,Medium close up
7290500266414132481.mp4_scene_9,M,Indoor,Non-combat,Medium close up
7290500266414132481.mp4_scene_10,M,Indoor,Non-combat,Medium close up
7290500266414132481.mp4_scene_11,no_spox,Outdoor,Non-combat,Wide shot
7290500266414132481.mp4_scene_12,M,Indoor,Non-combat,Medium close up
7290500266414132481.mp4_scene_13,M,Indoor,Non-combat,Medium close up
7290500266414132481.mp4_scene_14,no_spox,Outdoor,Non-combat,Full shot
7290500266414132481.mp4_scene_15,M,Indoor,Non-combat,Medium close up
7290500266414132481.mp4_scene_16,M,Indoor,Non-combat,Medium close up
7290759066526207233.mp4_scene_1,F,Indoor,Non-combat,Medium shot
7290776842250833153.mp4_scene_1,M,Indoor,Non-combat,Medium shot
7290776842250833153.mp4_scene_2,no_spox,Outdoor,Non-combat,Empty
7290776842250833153.mp4_scene_3,no_spox,Outdoor,Non-combat,Empty
7290776842250833153.mp4_scene_4,no_spox,Outdoor,Non-combat,Empty
7290776842250833153.mp4_scene_5,M,Indoor,Non-combat,Medium shot
7290776842250833153.mp4_scene_6,M,Indoor,Non-combat,Medium close up
7290776842250833153.mp4_scene_7,no_spox,Outdoor,Combat,Medium full shot
7290776842250833153.mp4_scene_8,no_spox,Outdoor,Combat,Medium full shot
7290776842250833153.mp4_scene_9,no_spox,Outdoor,Combat,Medium full shot
7290776842250833153.mp4_scene_10,no_spox,Outdoor,Combat,Wide shot
7290776842250833153.mp4_scene_11,no_spox,Outdoor,Combat,Empty
7290776842250833153.mp4_scene_12,M,Indoor,Non-combat,Medium shot
7291324555233103106.mp4_scene_1,F,Outdoor,Non-combat,Medium full shot
7292023312455077121.mp4_scene_1,M,Outdoor,Non-combat,Medium shot
7292023312455077121.mp4_scene_2,no_spox,Outdoor,Combat,Full shot
7292023312455077121.mp4_scene_3,no_spox,Graphics,Graphics,Empty
7292023312455077121.mp4_scene_4,no_spox,Outdoor,Combat,Empty
7292023312455077121.mp4_scene_5,no_spox,Outdoor,Non-combat,Wide shot
7292023312455077121.mp4_scene_6,no_spox,Outdoor,Non-combat,Wide shot
7292023312455077121.mp4_scene_7,M,Outdoor,Non-combat,Medium shot
7292023312455077121.mp4_scene_8,M,Outdoor,Non-combat,Medium shot
7292023312455077121.mp4_scene_9,M,Outdoor,Non-combat,Medium shot
7292023312455077121.mp4_scene_10,M,Outdoor,Non-combat,Medium shot
7292023312455077121.mp4_scene_11,no_spox,Outdoor,Combat,Wide shot
7292023312455077121.mp4_scene_12,no_spox,Outdoor,Combat,Wide shot
7292023312455077121.mp4_scene_13,no_spox,Outdoor,Combat,Wide shot
7292023312455077121.mp4_scene_14,no_spox,Indoor,Combat,Wide shot
7292023312455077121.mp4_scene_15,no_spox,Outdoor,Combat,Medium shot
7292023312455077121.mp4_scene_16,no_spox,Outdoor,Combat,Wide shot
7292023312455077121.mp4_scene_17,M,Outdoor,Non-combat,Medium shot
7292023312455077121.mp4_scene_18,no_spox,Outdoor,Combat,Wide shot
7292023312455077121.mp4_scene_19,no_spox,Outdoor,Combat,Medium full shot
7292023312455077121.mp4_scene_20,M,Outdoor,Non-combat,Medium shot
7292397425065577729.mp4_scene_1,M,Indoor,Non-combat,Medium shot
7292702865406119170.mp4_scene_1,M,Indoor,Non-combat,Medium shot
7293175145424751873.mp4_scene_1,F,Indoor,Non-combat,Medium shot
7293266381401754881.mp4_scene_1,M,Outdoor,Non-combat,Medium close up
7293266381401754881.mp4_scene_2,M,Outdoor,Non-combat,Medium close up
7293266381401754881.mp4_scene_3,M,Outdoor,Non-combat,Medium close up
7293266381401754881.mp4_scene_4,M,Outdoor,Non-combat,Medium close up
7293266381401754881.mp4_scene_5,M,Outdoor,Non-combat,Medium close up
7293266381401754881.mp4_scene_6,M,Outdoor,Non-combat,Medium close up
7293266381401754881.mp4_scene_7,M,Outdoor,Non-combat,Medium close up
7293266381401754881.mp4_scene_8,M,Outdoor,Non-combat,Medium close up
7293266381401754881.mp4_scene_9,M,Outdoor,Non-combat,Medium close up
7293266381401754881.mp4_scene_10,M,Outdoor,Non-combat,Medium close up
7293266381401754881.mp4_scene_11,M,Outdoor,Non-combat,Medium close up
7293266381401754881.mp4_scene_12,M,Outdoor,Non-combat,Medium close up
7293266381401754881.mp4_scene_13,M,Outdoor,Non-combat,Medium close up
7293266381401754881.mp4_scene_14,M,Outdoor,Non-combat,Medium close up
7293266381401754881.mp4_scene_15,M,Outdoor,Non-combat,Medium close up
7293266381401754881.mp4_scene_16,M,Outdoor,Combat,Wide shot
7293266381401754881.mp4_scene_17,no_spox,Graphics,Graphics,Empty
7293342488759225602.mp4_scene_1,M,Outdoor,Non-combat,Medium close up
7293342488759225602.mp4_scene_2,no_spox,Outdoor,Combat,Wide shot
7293342488759225602.mp4_scene_3,M,Outdoor,Non-combat,Medium close up
7293342488759225602.mp4_scene_4,no_spox,Outdoor,Combat,Wide shot
7293789582116556034.mp4_scene_1,M,Indoor,Non-combat,Medium shot
7293789582116556034.mp4_scene_2,no_spox,Indoor,Non-combat,Empty
7293789582116556034.mp4_scene_3,M,Indoor,Non-combat,Close up
7293789582116556034.mp4_scene_4,M,Indoor,Non-combat,Wide shot
7293789582116556034.mp4_scene_5,no_spox,Indoor,Non-combat,Medium close up
7293789582116556034.mp4_scene_6,M,Indoor,Non-combat,Wide shot
7293789582116556034.mp4_scene_7,M,Indoor,Non-combat,Close up
7293789582116556034.mp4_scene_8,no_spox,Indoor,Non-combat,Medium close up
7293789582116556034.mp4_scene_9,M,Indoor,Non-combat,Close up
7293863025751133442.mp4_scene_1,M,Outdoor,Combat,Medium shot
7293863025751133442.mp4_scene_2,M,Outdoor,Combat,Medium shot
7293863025751133442.mp4_scene_3,M,Outdoor,Combat,Medium shot
7293863025751133442.mp4_scene_4,M,Outdoor,Combat,Medium shot
7293863025751133442.mp4_scene_5,F,Outdoor,Combat,Medium full shot
7293863025751133442.mp4_scene_6,M,Outdoor,Combat,Medium shot
7293863025751133442.mp4_scene_7,M,Outdoor,Combat,Medium shot
7293863025751133442.mp4_scene_8,M,Outdoor,Combat,Medium shot
7293863025751133442.mp4_scene_9,M,Outdoor,Combat,Medium shot
7293863025751133442.mp4_scene_10,M,Outdoor,Combat,Medium shot
7293863025751133442.mp4_scene_11,M,Outdoor,Combat,Medium shot
7293863025751133442.mp4_scene_12,M,Outdoor,Combat,Medium full shot
7294994059897097473.mp4_scene_1,M,Indoor,Non-combat,Medium shot
7294994059897097473.mp4_scene_2,no_spox,Graphics,Graphics,Empty
7295172273592339713.mp4_scene_1,M,Indoor,Non-combat,Medium shot
7295172273592339713.mp4_scene_2,no_spox,Graphics,Graphics,Empty
7295172273592339713.mp4_scene_3,no_spox,Graphics,Graphics,Empty
7295172273592339713.mp4_scene_4,no_spox,Graphics,Graphics,Empty
7295172273592339713.mp4_scene_5,M,Indoor,Non-combat,Medium shot
7295172273592339713.mp4_scene_6,no_spox,Outdoor,Combat,Wide shot
7295172273592339713.mp4_scene_7,M,Indoor,Non-combat,Medium shot
7295172273592339713.mp4_scene_8,no_spox,Outdoor,Combat,Empty
7295172273592339713.mp4_scene_9,no_spox,Outdoor,Combat,Full shot
7295172273592339713.mp4_scene_10,M,Indoor,Non-combat,Medium shot
7295172273592339713.mp4_scene_11,M,Indoor,Non-combat,Medium shot
7295172273592339713.mp4_scene_12,no_spox,Graphics,Graphics,Empty
7295172273592339713.mp4_scene_13,M,Indoor,Non-combat,Medium shot
7295172273592339713.mp4_scene_14,no_spox,Graphics,Graphics,Empty
7295172273592339713.mp4_scene_15,M,Indoor,Non-combat,Medium close up
7295172273592339713.mp4_scene_16,M,Indoor,Non-combat,Medium shot
7295172273592339713.mp4_scene_17,no_spox,Graphics,Graphics,Empty
7295723846143839489.mp4_scene_1,M,Indoor,Non-combat,Medium shot
7295793486308101378.mp4_scene_1,F,Outdoor,Non-combat,Medium full shot
7295793486308101378.mp4_scene_2,no_spox,Outdoor,Combat,Empty
7295793486308101378.mp4_scene_3,F,Outdoor,Non-combat,Medium shot
7295793486308101378.mp4_scene_4,no_spox,Outdoor,Combat,Empty
7295793486308101378.mp4_scene_5,no_spox,Outdoor,Combat,Empty
7297379615079714050.mp4_scene_1,M,Indoor,Non-combat,Medium shot
7297379615079714050.mp4_scene_2,no_spox,Outdoor,Combat,Empty
7297379615079714050.mp4_scene_3,no_spox,Outdoor,Combat,Empty
7297379615079714050.mp4_scene_4,no_spox,Outdoor,Combat,Empty
7297379615079714050.mp4_scene_5,no_spox,Outdoor,Combat,Full shot
7297379615079714050.mp4_scene_6,M,Indoor,Non-combat,Medium shot
7297379615079714050.mp4_scene_7,no_spox,Outdoor,Combat,Wide shot
7297379615079714050.mp4_scene_8,no_spox,Outdoor,Combat,Wide shot
7297379615079714050.mp4_scene_9,M,Indoor,Non-combat,Medium shot
7297379615079714050.mp4_scene_10,no_spox,Outdoor,Combat,Full shot
7297379615079714050.mp4_scene_11,M,Indoor,Non-combat,Medium shot
7297379615079714050.mp4_scene_12,no_spox,Outdoor,Combat,Wide shot
7297447656551451905.mp4_scene_1,M,Indoor,Non-combat,Medium close up
7297610637457231105.mp4_scene_1,F,Indoor,Non-combat,Medium shot
7297610637457231105.mp4_scene_2,no_spox,Indoor,Non-combat,Medium shot
7297610637457231105.mp4_scene_3,F,Indoor,Non-combat,Medium shot
7297610637457231105.mp4_scene_4,F,Indoor,Non-combat,Medium close up
7297610637457231105.mp4_scene_5,no_spox,Graphics,Graphics,Empty
7298132249428364545.mp4_scene_1,M,Indoor,Non-combat,Medium shot
7298132249428364545.mp4_scene_2,M,Indoor,Non-combat,Medium shot
7298132249428364545.mp4_scene_3,M,Indoor,Non-combat,Medium shot
7298132249428364545.mp4_scene_4,M,Indoor,Non-combat,Medium shot
7298132249428364545.mp4_scene_5,M,Indoor,Non-combat,Medium shot
7298951502498925826.mp4_scene_1,M,Indoor,Non-combat,Medium full shot
7298951502498925826.mp4_scene_2,M,Indoor,Non-combat,Medium full shot
7298951502498925826.mp4_scene_3,no_spox,Outdoor,Combat,Medium full shot
7298951502498925826.mp4_scene_4,no_spox,Outdoor,Combat,Wide shot
7298951502498925826.mp4_scene_5,no_spox,Outdoor,Combat,Medium shot
7298951502498925826.mp4_scene_6,no_spox,Outdoor,Combat,Medium full shot
7298951502498925826.mp4_scene_7,no_spox,Outdoor,Combat,Medium full shot
7298951502498925826.mp4_scene_8,no_spox,Outdoor,Combat,Wide shot
7298951502498925826.mp4_scene_9,no_spox,Outdoor,Combat,Wide shot
7298951502498925826.mp4_scene_10,no_spox,Outdoor,Combat,Wide shot
7298951502498925826.mp4_scene_11,no_spox,Outdoor,Combat,Wide shot
7298951502498925826.mp4_scene_12,no_spox,Outdoor,Combat,Wide shot
7298951502498925826.mp4_scene_13,no_spox,Outdoor,Combat,Wide shot
7298951502498925826.mp4_scene_14,no_spox,Outdoor,Combat,Wide shot
7298951502498925826.mp4_scene_15,no_spox,Outdoor,Combat,Wide shot
7298951502498925826.mp4_scene_16,no_spox,Outdoor,Combat,Wide shot
7298951502498925826.mp4_scene_17,no_spox,Outdoor,Non-combat,Wide shot
7298951502498925826.mp4_scene_18,no_spox,Outdoor,Combat,Wide shot
7299238025198898434.mp4_scene_1,F,Outdoor,Non-combat,Medium full shot
7299238025198898434.mp4_scene_2,F,Outdoor,Non-combat,Medium full shot
7299238025198898434.mp4_scene_3,F,Outdoor,Non-combat,Medium full shot
7299238025198898434.mp4_scene_4,no_spox,Outdoor,Non-combat,Full shot
7299238025198898434.mp4_scene_5,F,Outdoor,Non-combat,Medium full shot
7299238025198898434.mp4_scene_6,no_spox,Outdoor,Combat,Wide shot
7299238025198898434.mp4_scene_7,no_spox,Outdoor,Combat,Wide shot
7299238025198898434.mp4_scene_8,no_spox,Outdoor,Combat,Medium full shot
7299238025198898434.mp4_scene_9,F,Outdoor,Non-combat,Medium full shot
7299238025198898434.mp4_scene_10,no_spox,Outdoor,Non-combat,Medium shot
7299238025198898434.mp4_scene_11,no_spox,Outdoor,Non-combat,Wide shot
7299238025198898434.mp4_scene_12,no_spox,Outdoor,Non-combat,Wide shot
7299238025198898434.mp4_scene_13,no_spox,Outdoor,Combat,Full shot
7299238025198898434.mp4_scene_14,no_spox,Outdoor,Combat,Medium full shot
7299238025198898434.mp4_scene_15,no_spox,Outdoor,Combat,Empty
7299238025198898434.mp4_scene_16,F,Outdoor,Non-combat,Medium full shot
7299238025198898434.mp4_scene_17,F,Outdoor,Non-combat,Medium full shot
7299238025198898434.mp4_scene_18,no_spox,Outdoor,Combat,Wide shot
7299238025198898434.mp4_scene_19,no_spox,Outdoor,Combat,Wide shot
7299238025198898434.mp4_scene_20,no_spox,Indoor,Non-combat,Empty
7299238025198898434.mp4_scene_21,F,Outdoor,Non-combat,Medium full shot
7299238025198898434.mp4_scene_22,no_spox,Indoor,Combat,Medium shot
7299238025198898434.mp4_scene_23,F,Outdoor,Non-combat,Medium full shot
7299238025198898434.mp4_scene_24,no_spox,Graphics,Graphics,Empty
7299238025198898434.mp4_scene_25,no_spox,Graphics,Graphics,Empty
7299238025198898434.mp4_scene_26,no_spox,Outdoor,Combat,Wide shot
7299238025198898434.mp4_scene_27,no_spox,Outdoor,Non-combat,Wide shot
7299238025198898434.mp4_scene_28,no_spox,Outdoor,Non-combat,Wide shot
7299238025198898434.mp4_scene_29,F,Outdoor,Non-combat,Medium full shot
7299238025198898434.mp4_scene_30,no_spox,Outdoor,Combat,Wide shot
7299238025198898434.mp4_scene_31,no_spox,Outdoor,Combat,Wide shot
7299238025198898434.mp4_scene_32,F,Outdoor,Non-combat,Medium full shot
7299238025198898434.mp4_scene_33,F,Outdoor,Non-combat,Medium full shot
7299238025198898434.mp4_scene_34,no_spox,Outdoor,Combat,Medium full shot
7299238025198898434.mp4_scene_35,F,Outdoor,Non-combat,Medium shot
7299238025198898434.mp4_scene_36,no_spox,Indoor,Combat,Medium close up
7299238025198898434.mp4_scene_37,no_spox,Outdoor,Non-combat,Medium close up
7299238025198898434.mp4_scene_38,no_spox,Outdoor,Non-combat,Wide shot
7299238025198898434.mp4_scene_39,no_spox,Outdoor,Non-combat,Wide shot
7299238025198898434.mp4_scene_40,F,Outdoor,Non-combat,Medium full shot
7299238025198898434.mp4_scene_41,F,Outdoor,Non-combat,Medium full shot
7299238025198898434.mp4_scene_42,F,Outdoor,Non-combat,Medium shot
7299238025198898434.mp4_scene_43,no_spox,Outdoor,Combat,Wide shot
7299238025198898434.mp4_scene_44,no_spox,Indoor,Non-combat,Medium shot
7299238025198898434.mp4_scene_45,no_spox,Indoor,Non-combat,Wide shot
7299238025198898434.mp4_scene_46,no_spox,Indoor,Non-combat,Medium close up
7299238025198898434.mp4_scene_47,F,Outdoor,Non-combat,Medium full shot
7299238025198898434.mp4_scene_48,F,Outdoor,Non-combat,Medium full shot
7299438479254015234.mp4_scene_1,F,Indoor,Non-combat,Medium close up
7300023022516178177.mp4_scene_1,F,Outdoor,Non-combat,Medium shot
7300023022516178177.mp4_scene_2,no_spox,Graphics,Graphics,Empty
7300238274939964673.mp4_scene_1,M,Outdoor,Non-combat,Medium full shot
7300310605477498114.mp4_scene_1,M,Indoor,Non-combat,Medium shot
7300966749761998082.mp4_scene_1,M,Outdoor,Non-combat,Medium close up
7300966749761998082.mp4_scene_2,no_spox,Outdoor,Combat,Empty
7300966749761998082.mp4_scene_3,no_spox,Graphics,Graphics,Empty
7300966749761998082.mp4_scene_4,no_spox,Graphics,Graphics,Empty
7300966749761998082.mp4_scene_5,M,Outdoor,Non-combat,Medium close up
7300966749761998082.mp4_scene_6,no_spox,Graphics,Graphics,Empty
7300966749761998082.mp4_scene_7,no_spox,Outdoor,Non-combat,Empty
7300966749761998082.mp4_scene_8,no_spox,Graphics,Graphics,Empty
7300966749761998082.mp4_scene_9,M,Outdoor,Non-combat,Medium close up
7300966749761998082.mp4_scene_10,no_spox,Indoor,Combat,Medium shot
7300966749761998082.mp4_scene_11,M,Outdoor,Non-combat,Medium close up
7300966749761998082.mp4_scene_12,no_spox,Indoor,Combat,Empty
7300966749761998082.mp4_scene_13,M,Outdoor,Non-combat,Medium close up
7300966749761998082.mp4_scene_14,no_spox,Outdoor,Combat,Empty
7300966749761998082.mp4_scene_15,no_spox,Outdoor,Combat,Empty
7300966749761998082.mp4_scene_16,M,Outdoor,Non-combat,Medium close up
7300966749761998082.mp4_scene_17,no_spox,Graphics,Graphics,Empty
7301002769069001986.mp4_scene_1,F,Outdoor,Non-combat,Medium close up
7301501906440981761.mp4_scene_1,M,Indoor,Non-combat,Medium shot
7301501906440981761.mp4_scene_2,M,Indoor,Non-combat,Medium close up
7301501906440981761.mp4_scene_3,M,Indoor,Non-combat,Medium shot
7301501906440981761.mp4_scene_4,M,Indoor,Non-combat,Medium close up
7301501906440981761.mp4_scene_5,M,Indoor,Non-combat,Medium shot
7301501906440981761.mp4_scene_6,M,Indoor,Non-combat,Medium close up
7301501906440981761.mp4_scene_7,M,Indoor,Non-combat,Medium shot
7301501906440981761.mp4_scene_8,no_spox,Indoor,Non-combat,Medium close up
7301501906440981761.mp4_scene_9,M,Indoor,Non-combat,Medium shot
7301501906440981761.mp4_scene_10,M,Indoor,Non-combat,Medium close up
7301501906440981761.mp4_scene_11,M,Indoor,Non-combat,Medium shot
7301501906440981761.mp4_scene_12,M,Indoor,Non-combat,Medium close up
7301501906440981761.mp4_scene_13,no_spox,Outdoor,Non-combat,Empty
7301501906440981761.mp4_scene_14,no_spox,Indoor,Non-combat,Empty
7301501906440981761.mp4_scene_15,no_spox,Indoor,Non-combat,Empty
7301501906440981761.mp4_scene_16,no_spox,Graphics,Graphics,Empty
7301501906440981761.mp4_scene_17,M,Indoor,Combat,Full shot
7301501906440981761.mp4_scene_18,M,Indoor,Non-combat,Medium shot
7301501906440981761.mp4_scene_19,no_spox,Outdoor,Non-combat,Empty
7301501906440981761.mp4_scene_20,M,Indoor,Non-combat,Medium shot
7301786158953024770.mp4_scene_1,M,Indoor,Non-combat,Medium shot
7302786045517630721.mp4_scene_1,M,Outdoor,Non-combat,Medium shot
7302786045517630721.mp4_scene_2,no_spox,Outdoor,Combat,Medium full shot
7302786045517630721.mp4_scene_3,M,Outdoor,Non-combat,Medium shot
7302786045517630721.mp4_scene_4,no_spox,Outdoor,Combat,Wide shot
7302786045517630721.mp4_scene_5,M,Outdoor,Non-combat,Medium shot
7302786045517630721.mp4_scene_6,no_spox,Outdoor,Combat,Medium full shot
7302786045517630721.mp4_scene_7,M,Outdoor,Non-combat,Medium shot
7302786045517630721.mp4_scene_8,no_spox,Outdoor,Combat,Wide shot
7302786045517630721.mp4_scene_9,M,Outdoor,Non-combat,Medium shot
7302786045517630721.mp4_scene_10,no_spox,Outdoor,Combat,Medium full shot
7302786045517630721.mp4_scene_11,no_spox,Outdoor,Combat,Wide shot
7302786045517630721.mp4_scene_12,no_spox,Outdoor,Combat,Wide shot
7302786045517630721.mp4_scene_13,M,Outdoor,Non-combat,Medium shot
7302786045517630721.mp4_scene_14,no_spox,Outdoor,Combat,Wide shot
7302839195809189121.mp4_scene_1,F,Indoor,Non-combat,Medium full shot
7302839195809189121.mp4_scene_2,F,Indoor,Non-combat,Medium full shot
7302839195809189121.mp4_scene_3,F,Indoor,Non-combat,Medium full shot
7302839195809189121.mp4_scene_4,F,Indoor,Non-combat,Medium full shot
7302839195809189121.mp4_scene_5,F,Indoor,Non-combat,Medium full shot
7302839195809189121.mp4_scene_6,no_spox,Graphics,Graphics,Empty
7303142438921702658.mp4_scene_1,M,Outdoor,Non-combat,Medium close up
7303142438921702658.mp4_scene_2,M,Outdoor,Non-combat,Medium close up
7303142438921702658.mp4_scene_3,F,Outdoor,Non-combat,Medium close up
7303142438921702658.mp4_scene_4,M,Outdoor,Non-combat,Medium close up
7303142438921702658.mp4_scene_5,M,Outdoor,Non-combat,Medium close up
7303142438921702658.mp4_scene_6,F,Outdoor,Non-combat,Medium close up
7303142438921702658.mp4_scene_7,M,Outdoor,Non-combat,Medium close up
7303142438921702658.mp4_scene_8,F,Outdoor,Non-combat,Medium close up
7303142438921702658.mp4_scene_9,M,Outdoor,Non-combat,Medium close up
7303142438921702658.mp4_scene_10,M,Outdoor,Non-combat,Medium close up
7303142438921702658.mp4_scene_11,F,Outdoor,Non-combat,Medium close up
7303142438921702658.mp4_scene_12,M,Outdoor,Non-combat,Medium close up
7303142438921702658.mp4_scene_13,M,Outdoor,Non-combat,Medium close up
7303142438921702658.mp4_scene_14,M,Outdoor,Non-combat,Medium close up
7303142438921702658.mp4_scene_15,F,Outdoor,Non-combat,Medium close up
7303142438921702658.mp4_scene_16,no_spox,Graphics,Graphics,Empty
7303238806273068290.mp4_scene_1,F,Indoor,Non-combat,Medium close up
7303238806273068290.mp4_scene_2,no_spox,Outdoor,Combat,Empty
7303238806273068290.mp4_scene_3,no_spox,Outdoor,Combat,Empty
7303238806273068290.mp4_scene_4,F,Indoor,Non-combat,Medium close up
7303238806273068290.mp4_scene_5,no_spox,Outdoor,Non-combat,Empty
7303238806273068290.mp4_scene_6,no_spox,Outdoor,Non-combat,Empty
7303238806273068290.mp4_scene_7,no_spox,Outdoor,Combat,Empty
7303238806273068290.mp4_scene_8,F,Indoor,Non-combat,Medium close up
7303238806273068290.mp4_scene_9,no_spox,Outdoor,Combat,Empty
7303238806273068290.mp4_scene_10,F,Indoor,Non-combat,Medium close up
7303317684148555009.mp4_scene_1,M,Indoor,Non-combat,Medium full shot
7304352246119025922.mp4_scene_1,F,Outdoor,Non-combat,Medium close up
7304352246119025922.mp4_scene_2,F,Outdoor,Combat,Full shot
7304352246119025922.mp4_scene_3,F,Outdoor,Combat,Medium close up
7304352246119025922.mp4_scene_4,no_spox,Indoor,Combat,Empty
7304459465414298882.mp4_scene_1,M,Indoor,Non-combat,Medium shot
7304459465414298882.mp4_scene_2,no_spox,Outdoor,Non-combat,Empty
7304459465414298882.mp4_scene_3,M,Indoor,Non-combat,Medium shot
7304459465414298882.mp4_scene_4,no_spox,Indoor,Non-combat,Empty
7304459465414298882.mp4_scene_5,M,Indoor,Non-combat,Medium shot
7304459465414298882.mp4_scene_6,no_spox,Indoor,Non-combat,Empty
7304459465414298882.mp4_scene_7,M,Indoor,Non-combat,Medium shot
7304459465414298882.mp4_scene_8,M,Indoor,Non-combat,Medium shot
7304579698502192386.mp4_scene_1,M,Outdoor,Non-combat,Medium shot
7304579698502192386.mp4_scene_2,no_spox,Graphics,Graphics,Empty
7304579698502192386.mp4_scene_3,M,Outdoor,Non-combat,Medium shot
7304579698502192386.mp4_scene_4,no_spox,Outdoor,Combat,Empty
7304579698502192386.mp4_scene_5,no_spox,Outdoor,Combat,Empty
7304579698502192386.mp4_scene_6,no_spox,Outdoor,Combat,Empty
7304579698502192386.mp4_scene_7,M,Outdoor,Non-combat,Medium shot
7304579698502192386.mp4_scene_8,no_spox,Outdoor,Non-combat,Empty
7304579698502192386.mp4_scene_9,no_spox,Outdoor,Non-combat,Empty
7304579698502192386.mp4_scene_10,M,Outdoor,Non-combat,Medium shot
7304579698502192386.mp4_scene_11,no_spox,Outdoor,Combat,Empty
7304579698502192386.mp4_scene_12,no_spox,Outdoor,Combat,Empty
7304579698502192386.mp4_scene_13,no_spox,Outdoor,Combat,Wide shot
7304579698502192386.mp4_scene_14,no_spox,Outdoor,Combat,Empty
7304579698502192386.mp4_scene_15,no_spox,Outdoor,Non-combat,Empty
7304579698502192386.mp4_scene_16,no_spox,Outdoor,Combat,Empty
7304579698502192386.mp4_scene_17,M,Outdoor,Non-combat,Medium shot
7304579698502192386.mp4_scene_18,no_spox,Graphics,Graphics,Empty
7304579698502192386.mp4_scene_19,M,Outdoor,Non-combat,Medium shot
7304579698502192386.mp4_scene_20,no_spox,Outdoor,Combat,Empty
7304579698502192386.mp4_scene_21,no_spox,Outdoor,Combat,Empty
7304579698502192386.mp4_scene_22,no_spox,Outdoor,Combat,Empty
7304579698502192386.mp4_scene_23,no_spox,Outdoor,Combat,Empty
7304579698502192386.mp4_scene_24,no_spox,Outdoor,Combat,Empty
7304579698502192386.mp4_scene_25,no_spox,Outdoor,Combat,Medium full shot
7304579698502192386.mp4_scene_26,no_spox,Outdoor,Combat,Full shot
7304579698502192386.mp4_scene_27,no_spox,Outdoor,Combat,Medium shot
7304579698502192386.mp4_scene_28,no_spox,Outdoor,Combat,Medium shot
7304579698502192386.mp4_scene_29,no_spox,Outdoor,Combat,Empty
7304579698502192386.mp4_scene_30,M,Outdoor,Non-combat,Medium shot
7304841271166766337.mp4_scene_1,F,Indoor,Non-combat,Medium shot
7304841271166766337.mp4_scene_2,no_spox,Indoor,Combat,Empty
7304841271166766337.mp4_scene_3,F,Indoor,Non-combat,Medium shot
7304841271166766337.mp4_scene_4,no_spox,Indoor,Combat,Medium close up
7304841271166766337.mp4_scene_5,no_spox,Indoor,Combat,Medium full shot
7304841271166766337.mp4_scene_6,F,Indoor,Non-combat,Medium shot
7304841271166766337.mp4_scene_7,no_spox,Outdoor,Combat,Empty
7304841271166766337.mp4_scene_8,F,Indoor,Non-combat,Medium shot
7304841271166766337.mp4_scene_9,no_spox,Outdoor,Combat,Empty
7304841271166766337.mp4_scene_10,no_spox,Indoor,Combat,Empty
7304841271166766337.mp4_scene_11,F,Indoor,Non-combat,Medium shot
7304841271166766337.mp4_scene_12,no_spox,Indoor,Combat,Empty
7304841271166766337.mp4_scene_13,no_spox,Indoor,Combat,Empty
7304841271166766337.mp4_scene_14,no_spox,Indoor,Combat,Wide shot
7304841271166766337.mp4_scene_15,F,Indoor,Non-combat,Medium shot
7304841271166766337.mp4_scene_16,F,Indoor,Non-combat,Medium shot
7304841271166766337.mp4_scene_17,no_spox,Outdoor,Non-combat,Empty
7304841271166766337.mp4_scene_18,no_spox,Outdoor,Non-combat,Empty
7304841271166766337.mp4_scene_19,F,Indoor,Non-combat,Medium shot
7304841271166766337.mp4_scene_20,no_spox,Graphics,Graphics,Empty
7305410057498348801.mp4_scene_1,F,Outdoor,Non-combat,Medium close up
7305410057498348801.mp4_scene_2,F,Outdoor,Non-combat,Medium close up
7305410057498348801.mp4_scene_3,F,Outdoor,Non-combat,Medium close up
7305410057498348801.mp4_scene_4,F,Outdoor,Non-combat,Medium close up
7305410057498348801.mp4_scene_5,F,Outdoor,Non-combat,Medium close up
7305410057498348801.mp4_scene_6,F,Indoor,Non-combat,Medium close up
7305410057498348801.mp4_scene_7,no_spox,Graphics,Graphics,Empty
7306294663550455041.mp4_scene_1,M,Indoor,Non-combat,Medium shot
7306294663550455041.mp4_scene_2,no_spox,Indoor,Non-combat,Medium close up
7306294663550455041.mp4_scene_3,M,Indoor,Non-combat,Medium shot
7306499887598767361.mp4_scene_1,M,Indoor,Non-combat,Medium shot
7306499887598767361.mp4_scene_2,no_spox,Indoor,Non-combat,Full shot
7306499887598767361.mp4_scene_3,no_spox,Indoor,Non-combat,Full shot
7306499887598767361.mp4_scene_4,M,Indoor,Non-combat,Medium shot
7306499887598767361.mp4_scene_5,M,Indoor,Non-combat,Medium shot
7306499887598767361.mp4_scene_6,M,Indoor,Non-combat,Medium shot
7306499887598767361.mp4_scene_7,M,Indoor,Non-combat,Medium shot
7306499887598767361.mp4_scene_8,M,Indoor,Non-combat,Medium shot
7306499887598767361.mp4_scene_9,M,Indoor,Non-combat,Medium shot
7306499887598767361.mp4_scene_10,M,Indoor,Non-combat,Medium shot
7306499887598767361.mp4_scene_11,M,Indoor,Non-combat,Medium shot
7306499887598767361.mp4_scene_12,M,Indoor,Non-combat,Medium shot
7306872398215777537.mp4_scene_1,M,Outdoor,Non-combat,Medium close up
7306872398215777537.mp4_scene_2,no_spox,Outdoor,Non-combat,Medium shot
7306872398215777537.mp4_scene_3,no_spox,Outdoor,Non-combat,Medium full shot
7306872398215777537.mp4_scene_4,no_spox,Outdoor,Combat,Medium shot
7306872398215777537.mp4_scene_5,M,Outdoor,Non-combat,Medium close up
7306872398215777537.mp4_scene_6,no_spox,Outdoor,Combat,Wide shot
7306872398215777537.mp4_scene_7,M,Outdoor,Non-combat,Medium close up
7306872398215777537.mp4_scene_8,M,Outdoor,Non-combat,Medium close up
7306872398215777537.mp4_scene_9,M,Outdoor,Non-combat,Medium close up
7306872398215777537.mp4_scene_10,M,Outdoor,Non-combat,Medium close up
7306872398215777537.mp4_scene_11,no_spox,Outdoor,Combat,Empty
7306872398215777537.mp4_scene_12,no_spox,Outdoor,Combat,Medium shot
7306872398215777537.mp4_scene_13,M,Outdoor,Non-combat,Medium close up
7306872398215777537.mp4_scene_14,no_spox,Outdoor,Combat,Empty
7306872398215777537.mp4_scene_15,no_spox,Indoor,Combat,Wide shot
7306872398215777537.mp4_scene_16,no_spox,Outdoor,Combat,Empty
7306872398215777537.mp4_scene_17,M,Outdoor,Non-combat,Medium close up
7306872398215777537.mp4_scene_18,no_spox,Outdoor,Non-combat,Wide shot
7306872398215777537.mp4_scene_19,M,Outdoor,Non-combat,Medium close up
7306872398215777537.mp4_scene_20,no_spox,Outdoor,Non-combat,Empty
7306872398215777537.mp4_scene_21,no_spox,Outdoor,Non-combat,Empty
7306872398215777537.mp4_scene_22,M,Outdoor,Non-combat,Medium close up
7306872398215777537.mp4_scene_23,no_spox,Indoor,Combat,Medium shot
7306872398215777537.mp4_scene_24,no_spox,Outdoor,Combat,Medium close up
7306872398215777537.mp4_scene_25,M,Outdoor,Non-combat,Medium close up
7307624697146068225.mp4_scene_1,M,Outdoor,Combat,Medium full shot
7307624697146068225.mp4_scene_2,M,Outdoor,Combat,Medium full shot
7307624697146068225.mp4_scene_3,no_spox,Outdoor,Combat,Wide shot
7307624697146068225.mp4_scene_4,M,Outdoor,Combat,Medium full shot
7307624697146068225.mp4_scene_5,no_spox,Indoor,Combat,Close up
7307624697146068225.mp4_scene_6,M,Outdoor,Combat,Wide shot
7307624697146068225.mp4_scene_7,M,Outdoor,Combat,Medium full shot
7307624697146068225.mp4_scene_8,M,Outdoor,Combat,Medium full shot
7307624697146068225.mp4_scene_9,no_spox,Outdoor,Combat,Medium close up
7307624697146068225.mp4_scene_10,M,Outdoor,Combat,Medium full shot
7307624697146068225.mp4_scene_11,no_spox,Graphics,Graphics,Empty
7307624697146068225.mp4_scene_12,M,Outdoor,Combat,Medium full shot
7307624697146068225.mp4_scene_13,no_spox,Outdoor,Combat,Empty
7307624697146068225.mp4_scene_14,M,Outdoor,Combat,Medium full shot
7307624697146068225.mp4_scene_15,no_spox,Outdoor,Combat,Medium close up
7307624697146068225.mp4_scene_16,M,Outdoor,Combat,Medium full shot
7307624697146068225.mp4_scene_17,M,Outdoor,Combat,Medium shot
7307624697146068225.mp4_scene_18,no_spox,Outdoor,Combat,Wide shot
7307624697146068225.mp4_scene_19,no_spox,Outdoor,Combat,Wide shot
7307624697146068225.mp4_scene_20,no_spox,Graphics,Graphics,Empty
7307624697146068225.mp4_scene_21,M,Outdoor,Combat,Medium full shot
7307624697146068225.mp4_scene_22,M,Outdoor,Combat,Medium shot
7307624697146068225.mp4_scene_23,M,Outdoor,Combat,Medium full shot
7307624697146068225.mp4_scene_24,M,Outdoor,Combat,Medium shot
7307624697146068225.mp4_scene_25,M,Outdoor,Combat,Medium full shot
7307624697146068225.mp4_scene_26,no_spox,Indoor,Combat,Medium shot
7307624697146068225.mp4_scene_27,M,Outdoor,Combat,Medium full shot
7307624697146068225.mp4_scene_28,M,Outdoor,Combat,Medium full shot
7307624697146068225.mp4_scene_29,M,Outdoor,Combat,Medium full shot
7307624697146068225.mp4_scene_30,M,Outdoor,Combat,Medium full shot
7307624697146068225.mp4_scene_31,M,Outdoor,Combat,Medium shot
7307624697146068225.mp4_scene_32,M,Outdoor,Combat,Medium shot
7307624697146068225.mp4_scene_33,M,Outdoor,Combat,Medium full shot
7307624697146068225.mp4_scene_34,M,Outdoor,Combat,Medium close up
7307624697146068225.mp4_scene_35,M,Outdoor,Combat,Medium full shot
7307624697146068225.mp4_scene_36,no_spox,Outdoor,Combat,Medium shot
7307624697146068225.mp4_scene_37,no_spox,Outdoor,Combat,Medium full shot
7307624697146068225.mp4_scene_38,M,Outdoor,Combat,Full shot
7307624697146068225.mp4_scene_39,M,Outdoor,Combat,Full shot
7307624697146068225.mp4_scene_40,M,Outdoor,Combat,Medium full shot
7307624697146068225.mp4_scene_41,M,Outdoor,Combat,Full shot
7307624697146068225.mp4_scene_42,M,Outdoor,Combat,Medium full shot
7307624697146068225.mp4_scene_43,M,Outdoor,Combat,Medium full shot
7307624697146068225.mp4_scene_44,M,Outdoor,Combat,Medium full shot
7307624697146068225.mp4_scene_45,M,Outdoor,Combat,Wide shot
7307624697146068225.mp4_scene_46,M,Outdoor,Combat,Medium shot
7307624697146068225.mp4_scene_47,M,Outdoor,Combat,Medium shot
7307624697146068225.mp4_scene_48,M,Outdoor,Combat,Medium full shot
7307624697146068225.mp4_scene_49,M,Outdoor,Combat,Medium full shot
7307624697146068225.mp4_scene_50,no_spox,Outdoor,Combat,Medium full shot
7307624697146068225.mp4_scene_51,M,Outdoor,Combat,Medium full shot
7307624697146068225.mp4_scene_52,no_spox,Graphics,Graphics,Empty
7307624697146068225.mp4_scene_53,M,Outdoor,Combat,Wide shot
7307624697146068225.mp4_scene_54,no_spox,Outdoor,Combat,Wide shot
7307624697146068225.mp4_scene_55,M,Outdoor,Combat,Wide shot
7307624697146068225.mp4_scene_56,M,Outdoor,Combat,Medium full shot
7307624697146068225.mp4_scene_57,no_spox,Indoor,Combat,Wide shot
7307624697146068225.mp4_scene_58,M,Outdoor,Combat,Medium full shot
7307624697146068225.mp4_scene_59,M,Outdoor,Combat,Medium full shot
7307624697146068225.mp4_scene_60,M,Outdoor,Combat,Medium shot
7307624697146068225.mp4_scene_61,M,Outdoor,Combat,Medium full shot
7307624697146068225.mp4_scene_62,M,Outdoor,Combat,Medium full shot
7307624697146068225.mp4_scene_63,M,Outdoor,Combat,Medium full shot
7307624697146068225.mp4_scene_64,M,Outdoor,Combat,Medium full shot
7309917666364493057.mp4_scene_1,no_spox,Graphics,Graphics,Empty
7309917666364493057.mp4_scene_2,no_spox,Graphics,Graphics,Empty
7309917666364493057.mp4_scene_3,F,Indoor,Non-combat,Medium shot
7309917666364493057.mp4_scene_4,no_spox,Outdoor,Non-combat,Medium full shot
7309917666364493057.mp4_scene_5,no_spox,Graphics,Graphics,Empty
7309917666364493057.mp4_scene_6,no_spox,Graphics,Graphics,Close up
7309917666364493057.mp4_scene_7,no_spox,Graphics,Graphics,Close up
7309917666364493057.mp4_scene_8,no_spox,Indoor,Non-combat,Medium close up
7309917666364493057.mp4_scene_9,no_spox,Graphics,Graphics,Empty
7309917666364493057.mp4_scene_10,no_spox,Outdoor,Combat,Wide shot
7309917666364493057.mp4_scene_11,no_spox,Outdoor,Combat,Wide shot
7309917666364493057.mp4_scene_12,no_spox,Outdoor,Non-combat,Empty
7309917666364493057.mp4_scene_13,no_spox,Outdoor,Combat,Empty
7309917666364493057.mp4_scene_14,F,Indoor,Non-combat,Medium shot
7309917666364493057.mp4_scene_15,no_spox,Outdoor,Combat,Empty
7309917666364493057.mp4_scene_16,no_spox,Outdoor,Non-combat,Medium shot
7309917666364493057.mp4_scene_17,F,Indoor,Non-combat,Medium shot
7309917666364493057.mp4_scene_18,no_spox,Indoor,Non-combat,Wide shot
7309917666364493057.mp4_scene_19,F,Indoor,Non-combat,Medium shot
7309917666364493057.mp4_scene_20,no_spox,Indoor,Non-combat,Medium shot
7309917666364493057.mp4_scene_21,no_spox,Indoor,Non-combat,Medium shot
7309917666364493057.mp4_scene_22,no_spox,Indoor,Non-combat,Medium shot
7309917666364493057.mp4_scene_23,F,Indoor,Non-combat,Medium shot
7309917666364493057.mp4_scene_24,F,Indoor,Non-combat,Medium close up
7309917666364493057.mp4_scene_25,no_spox,Graphics,Graphics,Empty
7311325442626047233.mp4_scene_1,M,Indoor,Non-combat,Medium shot
7312113109848575234.mp4_scene_1,F,Indoor,Non-combat,Medium shot
7312113109848575234.mp4_scene_2,no_spox,Graphics,Graphics,Empty
7312113109848575234.mp4_scene_3,no_spox,Graphics,Graphics,Empty
7312113109848575234.mp4_scene_4,no_spox,Graphics,Graphics,Empty
7312113109848575234.mp4_scene_5,no_spox,Graphics,Graphics,Empty
7312113109848575234.mp4_scene_6,no_spox,Graphics,Graphics,Empty
7312113109848575234.mp4_scene_7,F,Indoor,Non-combat,Medium shot
7312113109848575234.mp4_scene_8,no_spox,Graphics,Graphics,Empty
7312113109848575234.mp4_scene_9,no_spox,Graphics,Graphics,Empty
7312113109848575234.mp4_scene_10,no_spox,Graphics,Graphics,Empty
7312113109848575234.mp4_scene_11,no_spox,Graphics,Graphics,Empty
7312113109848575234.mp4_scene_12,F,Indoor,Non-combat,Medium shot
7313921434873629953.mp4_scene_1,F,Outdoor,Non-combat,Medium close up
7313921434873629953.mp4_scene_2,F,Indoor,Combat,Medium close up
7313921434873629953.mp4_scene_3,F,Indoor,Combat,Medium close up
7313921434873629953.mp4_scene_4,F,Outdoor,Non-combat,Medium close up
7313921434873629953.mp4_scene_5,no_spox,Outdoor,Combat,Empty
7313921434873629953.mp4_scene_6,F,Outdoor,Combat,Medium close up
7314381277094743298.mp4_scene_1,M,Indoor,Non-combat,Medium full shot
7314381277094743298.mp4_scene_2,M,Indoor,Non-combat,Medium full shot
7314381277094743298.mp4_scene_3,M,Indoor,Non-combat,Close up
7314381277094743298.mp4_scene_4,M,Indoor,Non-combat,Medium full shot
7314381277094743298.mp4_scene_5,M,Indoor,Non-combat,Medium close up
7314381277094743298.mp4_scene_6,M,Indoor,Non-combat,Medium full shot
7314381277094743298.mp4_scene_7,no_spox,Outdoor,Combat,Wide shot
7314381277094743298.mp4_scene_8,M,Indoor,Non-combat,Medium full shot
7314381277094743298.mp4_scene_9,M,Indoor,Non-combat,Medium full shot
7314381277094743298.mp4_scene_10,M,Indoor,Non-combat,Medium full shot
7314381277094743298.mp4_scene_11,M,Indoor,Non-combat,Medium full shot
7314381277094743298.mp4_scene_12,no_spox,Graphics,Graphics,Empty
7314381277094743298.mp4_scene_13,M,Indoor,Non-combat,Medium close up
7314381277094743298.mp4_scene_14,no_spox,Indoor,Non-combat,Close up
7314381277094743298.mp4_scene_15,no_spox,Indoor,Non-combat,Close up
7314381277094743298.mp4_scene_16,M,Indoor,Non-combat,Medium full shot
7314381277094743298.mp4_scene_17,M,Indoor,Non-combat,Medium full shot
7314381277094743298.mp4_scene_18,M,Indoor,Non-combat,Medium full shot
7314381277094743298.mp4_scene_19,M,Indoor,Non-combat,Medium full shot
7314381277094743298.mp4_scene_20,no_spox,Indoor,Non-combat,Wide shot
7314381277094743298.mp4_scene_21,no_spox,Outdoor,Non-combat,Medium shot
7314381277094743298.mp4_scene_22,no_spox,Graphics,Graphics,Medium close up
7314381277094743298.mp4_scene_23,M,Indoor,Non-combat,Medium full shot
7314381277094743298.mp4_scene_24,M,Indoor,Non-combat,Medium close up
7314381277094743298.mp4_scene_25,M,Indoor,Non-combat,Empty
7314608725224967425.mp4_scene_1,F,Indoor,Non-combat,Medium shot
7314608725224967425.mp4_scene_2,no_spox,Outdoor,Combat,Empty
7314608725224967425.mp4_scene_3,F,Indoor,Non-combat,Medium shot
7314608725224967425.mp4_scene_4,no_spox,Indoor,Combat,Empty
7314608725224967425.mp4_scene_5,no_spox,Indoor,Combat,Empty
7314608725224967425.mp4_scene_6,F,Indoor,Non-combat,Medium shot
7314608725224967425.mp4_scene_7,no_spox,Indoor,Combat,Medium shot
7314608725224967425.mp4_scene_8,no_spox,Indoor,Non-combat,Wide shot
7314608725224967425.mp4_scene_9,F,Indoor,Non-combat,Medium shot
7314608725224967425.mp4_scene_10,no_spox,Indoor,Non-combat,Medium shot
7314608725224967425.mp4_scene_11,F,Indoor,Non-combat,Medium shot
7314608725224967425.mp4_scene_12,no_spox,Indoor,Non-combat,Medium full shot
7314608725224967425.mp4_scene_13,F,Indoor,Non-combat,Medium shot
7314608725224967425.mp4_scene_14,no_spox,Outdoor,Combat,Wide shot
7314608725224967425.mp4_scene_15,no_spox,Indoor,Combat,Wide shot
7314608725224967425.mp4_scene_16,no_spox,Outdoor,Non-combat,Empty
7314608725224967425.mp4_scene_17,no_spox,Graphics,Graphics,Empty
7314608725224967425.mp4_scene_18,no_spox,Indoor,Combat,Empty
7314608725224967425.mp4_scene_19,F,Indoor,Non-combat,Medium shot
7314608725224967425.mp4_scene_20,no_spox,Indoor,Combat,Empty
7314608725224967425.mp4_scene_21,no_spox,Outdoor,Non-combat,Empty
7315022331728989442.mp4_scene_1,M,Outdoor,Non-combat,Medium shot
7315022331728989442.mp4_scene_2,no_spox,Outdoor,Combat,Medium full shot
7315022331728989442.mp4_scene_3,no_spox,Outdoor,Combat,Wide shot
7315022331728989442.mp4_scene_4,M,Outdoor,Non-combat,Medium shot
7315022331728989442.mp4_scene_5,M,Outdoor,Non-combat,Medium shot
7315022331728989442.mp4_scene_6,M,Outdoor,Non-combat,Medium shot
7315022331728989442.mp4_scene_7,M,Outdoor,Non-combat,Medium shot
7315022331728989442.mp4_scene_8,M,Outdoor,Non-combat,Medium shot
7315022331728989442.mp4_scene_9,no_spox,Outdoor,Combat,Empty
7315022331728989442.mp4_scene_10,M,Outdoor,Non-combat,Medium shot
7315022331728989442.mp4_scene_11,no_spox,Outdoor,Combat,Empty
7315022331728989442.mp4_scene_12,M,Outdoor,Non-combat,Medium shot
7315022331728989442.mp4_scene_13,no_spox,Outdoor,Combat,Empty
7315022331728989442.mp4_scene_14,no_spox,Indoor,Combat,Empty
7315022331728989442.mp4_scene_15,M,Outdoor,Non-combat,Medium shot
7315022331728989442.mp4_scene_16,no_spox,Outdoor,Combat,Empty
7315022331728989442.mp4_scene_17,M,Outdoor,Non-combat,Medium shot
7315022331728989442.mp4_scene_18,M,Outdoor,Non-combat,Medium shot
7315022331728989442.mp4_scene_19,M,Outdoor,Non-combat,Medium shot
7315022331728989442.mp4_scene_20,M,Outdoor,Non-combat,Medium shot
7315022331728989442.mp4_scene_21,M,Outdoor,Non-combat,Medium shot
7317201174090779905.mp4_scene_1,F,Indoor,Combat,Medium full shot
7317201174090779905.mp4_scene_2,no_spox,Outdoor,Non-combat,Full shot
7317201174090779905.mp4_scene_3,no_spox,Indoor,Combat,Empty
7317201174090779905.mp4_scene_4,F,Indoor,Combat,Medium full shot
7317201174090779905.mp4_scene_5,F,Indoor,Combat,Medium full shot
7317201174090779905.mp4_scene_6,F,Indoor,Combat,Full shot
7317201174090779905.mp4_scene_7,no_spox,Indoor,Non-combat,Empty
7317201174090779905.mp4_scene_8,no_spox,Indoor,Combat,Empty
7317601260947918082.mp4_scene_1,F,Indoor,Non-combat,Medium close up
7317601260947918082.mp4_scene_2,F,Indoor,Non-combat,Medium close up
7317601260947918082.mp4_scene_3,F,Indoor,Non-combat,Medium close up
7317601260947918082.mp4_scene_4,F,Indoor,Non-combat,Medium close up
7317601260947918082.mp4_scene_5,no_spox,Graphics,Graphics,Empty
7317601260947918082.mp4_scene_6,F,Indoor,Non-combat,Medium close up
7317601260947918082.mp4_scene_7,F,Indoor,Non-combat,Medium close up
7317601260947918082.mp4_scene_8,F,Indoor,Non-combat,Medium close up
7317601260947918082.mp4_scene_9,F,Indoor,Non-combat,Medium close up
7317601260947918082.mp4_scene_10,no_spox,Graphics,Graphics,Empty
7317601260947918082.mp4_scene_11,F,Indoor,Non-combat,Medium close up
7317601260947918082.mp4_scene_12,no_spox,Graphics,Graphics,Empty
7317601260947918082.mp4_scene_13,no_spox,Graphics,Graphics,Empty
7317601260947918082.mp4_scene_14,F,Indoor,Non-combat,Medium close up
7317601260947918082.mp4_scene_15,no_spox,Graphics,Graphics,Full shot
7317601260947918082.mp4_scene_16,no_spox,Graphics,Graphics,Full shot
7317601260947918082.mp4_scene_17,no_spox,Graphics,Graphics,Full shot
7317601260947918082.mp4_scene_18,no_spox,Graphics,Graphics,Empty
7317601260947918082.mp4_scene_19,F,Indoor,Non-combat,Medium close up
7317601260947918082.mp4_scene_20,F,Indoor,Non-combat,Medium close up
7317601260947918082.mp4_scene_21,no_spox,Graphics,Graphics,Empty
7317601260947918082.mp4_scene_22,F,Indoor,Non-combat,Medium close up
7317601260947918082.mp4_scene_23,F,Indoor,Non-combat,Medium close up
7317601260947918082.mp4_scene_24,F,Indoor,Non-combat,Medium close up
7317601260947918082.mp4_scene_25,no_spox,Graphics,Graphics,Empty
7324294674678549762.mp4_scene_1,M,Indoor,Non-combat,Medium close up
7324370718894951682.mp4_scene_1,M,Indoor,Combat,Medium full shot
7324370718894951682.mp4_scene_2,M,Indoor,Combat,Medium full shot
7324370718894951682.mp4_scene_3,no_spox,Outdoor,Combat,Wide shot
7324370718894951682.mp4_scene_4,no_spox,Indoor,Combat,Wide shot
7324370718894951682.mp4_scene_5,no_spox,Outdoor,Combat,Wide shot
7324370718894951682.mp4_scene_6,no_spox,Outdoor,Combat,Wide shot
7324370718894951682.mp4_scene_7,M,Indoor,Combat,Medium full shot
7324370718894951682.mp4_scene_8,no_spox,Outdoor,Combat,Wide shot
7324370718894951682.mp4_scene_9,no_spox,Graphics,Graphics,Empty
7324370718894951682.mp4_scene_10,no_spox,Indoor,Combat,Medium full shot
7324370718894951682.mp4_scene_11,no_spox,Indoor,Combat,Medium full shot
7324370718894951682.mp4_scene_12,no_spox,Indoor,Combat,Full shot
7324370718894951682.mp4_scene_13,M,Indoor,Combat,Medium full shot
7324370718894951682.mp4_scene_14,no_spox,Outdoor,Combat,Medium shot
7324370718894951682.mp4_scene_15,no_spox,Indoor,Combat,Wide shot
7324370718894951682.mp4_scene_16,no_spox,Outdoor,Combat,Wide shot
7324370718894951682.mp4_scene_17,no_spox,Outdoor,Combat,Wide shot
7324740003861466370.mp4_scene_1,M,Outdoor,Non-combat,Medium shot
7324740003861466370.mp4_scene_2,M,Outdoor,Non-combat,Medium shot
7324740003861466370.mp4_scene_3,M,Outdoor,Non-combat,Medium shot
7324740003861466370.mp4_scene_4,M,Outdoor,Non-combat,Medium shot
7324740003861466370.mp4_scene_5,M,Outdoor,Non-combat,Medium shot
7324740003861466370.mp4_scene_6,M,Outdoor,Combat,Medium shot
7325406945035209986.mp4_scene_1,F,Indoor,Non-combat,Medium close up
7325406945035209986.mp4_scene_2,M,Indoor,Non-combat,Medium close up
7325406945035209986.mp4_scene_3,F,Indoor,Non-combat,Medium close up
7325406945035209986.mp4_scene_4,M,Indoor,Non-combat,Medium close up
7325406945035209986.mp4_scene_5,F,Indoor,Non-combat,Medium close up
7325406945035209986.mp4_scene_6,M,Indoor,Non-combat,Medium close up
7325406945035209986.mp4_scene_7,F,Indoor,Non-combat,Medium close up
7325406945035209986.mp4_scene_8,M,Indoor,Non-combat,Medium close up
7325406945035209986.mp4_scene_9,M,Indoor,Non-combat,Medium close up
7326211728008629505.mp4_scene_1,M,Outdoor,Combat,Medium shot
7326211728008629505.mp4_scene_2,no_spox,Outdoor,Non-combat,Empty
7326211728008629505.mp4_scene_3,no_spox,Outdoor,Non-combat,Empty
7326211728008629505.mp4_scene_4,no_spox,Outdoor,Combat,Empty
7326211728008629505.mp4_scene_5,M,Outdoor,Combat,Medium shot
7326211728008629505.mp4_scene_6,M,Outdoor,Combat,Medium shot
7326211728008629505.mp4_scene_7,M,Outdoor,Combat,Medium shot
7326211728008629505.mp4_scene_8,no_spox,Outdoor,Combat,Wide shot
7326211728008629505.mp4_scene_9,no_spox,Outdoor,Combat,Wide shot
7326211728008629505.mp4_scene_10,M,Outdoor,Combat,Medium full shot
7326211728008629505.mp4_scene_11,no_spox,Outdoor,Combat,Empty
7326211728008629505.mp4_scene_12,no_spox,Indoor,Combat,Empty
7326211728008629505.mp4_scene_13,no_spox,Outdoor,Combat,Wide shot
7326211728008629505.mp4_scene_14,no_spox,Outdoor,Combat,Empty
7326211728008629505.mp4_scene_15,no_spox,Outdoor,Combat,Empty
7326211728008629505.mp4_scene_16,no_spox,Outdoor,Combat,Empty
7326211728008629505.mp4_scene_17,no_spox,Outdoor,Combat,Empty
7326211728008629505.mp4_scene_18,M,Outdoor,Combat,Medium shot
7326211728008629505.mp4_scene_19,M,Outdoor,Combat,Medium shot
7326211728008629505.mp4_scene_20,no_spox,Outdoor,Non-combat,Empty
7326211728008629505.mp4_scene_21,no_spox,Outdoor,Non-combat,Empty
7326211728008629505.mp4_scene_22,M,Outdoor,Combat,Medium shot
7326535798906457346.mp4_scene_1,M,Outdoor,Non-combat,Medium shot
7326535798906457346.mp4_scene_2,no_spox,Graphics,Graphics,Empty
7326535798906457346.mp4_scene_3,M,Outdoor,Non-combat,Medium close up
7326535798906457346.mp4_scene_4,M,Outdoor,Non-combat,Medium shot
7326535798906457346.mp4_scene_5,no_spox,Graphics,Graphics,Empty
7326535798906457346.mp4_scene_6,M,Outdoor,Non-combat,Medium shot
7326535798906457346.mp4_scene_7,M,Outdoor,Non-combat,Medium close up
7326535798906457346.mp4_scene_8,no_spox,Graphics,Graphics,Empty
7326535798906457346.mp4_scene_9,M,Outdoor,Non-combat,Medium close up
7326535798906457346.mp4_scene_10,M,Outdoor,Non-combat,Medium shot
7326535798906457346.mp4_scene_11,M,Outdoor,Non-combat,Medium close up
7326535798906457346.mp4_scene_12,no_spox,Graphics,Graphics,Empty
7326535798906457346.mp4_scene_13,M,Outdoor,Non-combat,Medium close up
7326535798906457346.mp4_scene_14,M,Outdoor,Non-combat,Medium shot
7326535798906457346.mp4_scene_15,M,Outdoor,Non-combat,Medium close up
7326535798906457346.mp4_scene_16,M,Outdoor,Non-combat,Medium shot
7326535798906457346.mp4_scene_17,M,Outdoor,Non-combat,Medium close up
7326535798906457346.mp4_scene_18,M,Outdoor,Non-combat,Medium shot
7326535798906457346.mp4_scene_19,M,Outdoor,Non-combat,Medium close up
7326535798906457346.mp4_scene_20,M,Outdoor,Non-combat,Medium shot
7326535798906457346.mp4_scene_21,no_spox,Graphics,Graphics,Empty
7326535798906457346.mp4_scene_22,M,Outdoor,Non-combat,Medium shot
7326535798906457346.mp4_scene_23,M,Outdoor,Non-combat,Medium close up
7326535798906457346.mp4_scene_24,M,Outdoor,Non-combat,Medium shot
7326535798906457346.mp4_scene_25,no_spox,Graphics,Graphics,Empty
7326535798906457346.mp4_scene_26,M,Outdoor,Non-combat,Medium shot
7326535798906457346.mp4_scene_27,M,Outdoor,Non-combat,Medium close up
7326891550598761729.mp4_scene_1,M,Outdoor,Non-combat,Medium shot
7326891550598761729.mp4_scene_2,no_spox,Outdoor,Non-combat,Empty
7326891550598761729.mp4_scene_3,M,Outdoor,Non-combat,Close up
7326891550598761729.mp4_scene_4,no_spox,Graphics,Graphics,Empty
7326891550598761729.mp4_scene_5,M,Outdoor,Non-combat,Medium close up
7326891550598761729.mp4_scene_6,no_spox,Outdoor,Combat,Medium close up
7326891550598761729.mp4_scene_7,M,Outdoor,Non-combat,Medium close up
7326891550598761729.mp4_scene_8,no_spox,Graphics,Graphics,Empty
7326891550598761729.mp4_scene_9,no_spox,Graphics,Graphics,Empty
7326891550598761729.mp4_scene_10,M,Outdoor,Non-combat,Close up
7326891550598761729.mp4_scene_11,F,Outdoor,Non-combat,Medium close up
7326891550598761729.mp4_scene_12,M,Outdoor,Non-combat,Medium close up
7326891550598761729.mp4_scene_13,M,Outdoor,Combat,Medium shot
7326891550598761729.mp4_scene_14,no_spox,Graphics,Graphics,Empty
7326891550598761729.mp4_scene_15,no_spox,Outdoor,Non-combat,Empty
7326891550598761729.mp4_scene_16,no_spox,Outdoor,Combat,Empty
7326891550598761729.mp4_scene_17,F,Outdoor,Non-combat,Medium shot
7326891550598761729.mp4_scene_18,M,Outdoor,Combat,Close up
7326891550598761729.mp4_scene_19,no_spox,Indoor,Combat,Medium close up
7326891550598761729.mp4_scene_20,no_spox,Outdoor,Combat,Empty
7326891550598761729.mp4_scene_21,no_spox,Indoor,Combat,Medium shot
7326891550598761729.mp4_scene_22,no_spox,Outdoor,Combat,Wide shot
7326891550598761729.mp4_scene_23,no_spox,Outdoor,Combat,Close up
7326891550598761729.mp4_scene_24,no_spox,Outdoor,Non-combat,Medium close up
7326891550598761729.mp4_scene_25,no_spox,Outdoor,Non-combat,Close up
7326891550598761729.mp4_scene_26,no_spox,Outdoor,Combat,Close up
7326891550598761729.mp4_scene_27,no_spox,Graphics,Graphics,Empty
7329195147223125249.mp4_scene_1,M,Indoor,Non-combat,Medium close up
7329195147223125249.mp4_scene_2,no_spox,Graphics,Graphics,Empty
7329565276624719105.mp4_scene_1,F,Outdoor,Non-combat,Medium close up
7329565276624719105.mp4_scene_2,F,Outdoor,Non-combat,Medium close up
7329565276624719105.mp4_scene_3,F,Outdoor,Non-combat,Medium close up
7329565276624719105.mp4_scene_4,F,Outdoor,Non-combat,Medium close up
7329565276624719105.mp4_scene_5,F,Outdoor,Non-combat,Medium close up
7329565276624719105.mp4_scene_6,F,Indoor,Non-combat,Medium close up
7329957191299943681.mp4_scene_1,M,Outdoor,Combat,Medium full shot
7329957191299943681.mp4_scene_2,M,Outdoor,Combat,Medium full shot
7329957191299943681.mp4_scene_3,F,Outdoor,Combat,Medium full shot
7329957191299943681.mp4_scene_4,M,Outdoor,Combat,Medium full shot
7329957191299943681.mp4_scene_5,M,Outdoor,Combat,Medium full shot
7329957191299943681.mp4_scene_6,M,Outdoor,Combat,Medium full shot
7329957191299943681.mp4_scene_7,F,Outdoor,Combat,Medium full shot
7329957191299943681.mp4_scene_8,F,Outdoor,Combat,Medium full shot
7329957191299943681.mp4_scene_9,M,Outdoor,Combat,Medium full shot
7329957191299943681.mp4_scene_10,M,Outdoor,Combat,Medium full shot
7329957191299943681.mp4_scene_11,M,Outdoor,Combat,Medium full shot
7329957191299943681.mp4_scene_12,M,Outdoor,Combat,Medium full shot
7329957191299943681.mp4_scene_13,M,Outdoor,Combat,Medium full shot
7329957191299943681.mp4_scene_14,M,Outdoor,Combat,Medium full shot
7329957191299943681.mp4_scene_15,M,Outdoor,Combat,Medium full shot
7329957191299943681.mp4_scene_16,M,Outdoor,Combat,Medium full shot
7329957191299943681.mp4_scene_17,F,Outdoor,Combat,Medium full shot
7331799655585516802.mp4_scene_1,no_spox,Outdoor,Combat,Wide shot
7331799655585516802.mp4_scene_2,no_spox,Outdoor,Combat,Wide shot
7331799655585516802.mp4_scene_3,no_spox,Outdoor,Combat,Wide shot
7331799655585516802.mp4_scene_4,no_spox,Outdoor,Combat,Wide shot
7331799655585516802.mp4_scene_5,no_spox,Indoor,Combat,Wide shot
7331799655585516802.mp4_scene_6,no_spox,Outdoor,Combat,Wide shot
7331799655585516802.mp4_scene_7,M,Outdoor,Combat,Medium shot
7331799655585516802.mp4_scene_8,F,Outdoor,Combat,Medium shot
7331799655585516802.mp4_scene_9,M,Outdoor,Combat,Medium shot
7331799655585516802.mp4_scene_10,F,Outdoor,Combat,Medium full shot
7331799655585516802.mp4_scene_11,M,Outdoor,Combat,Medium shot
7331799655585516802.mp4_scene_12,M,Outdoor,Combat,Medium shot
7331799655585516802.mp4_scene_13,M,Outdoor,Combat,Medium shot
7331799655585516802.mp4_scene_14,no_spox,Graphics,Graphics,Empty
7331799655585516802.mp4_scene_15,M,Outdoor,Combat,Medium shot
7331799655585516802.mp4_scene_16,M,Outdoor,Combat,Medium shot
7331799655585516802.mp4_scene_17,M,Outdoor,Combat,Medium shot
7331799655585516802.mp4_scene_18,M,Outdoor,Combat,Medium shot
7331799655585516802.mp4_scene_19,M,Outdoor,Combat,Medium shot
7331799655585516802.mp4_scene_20,M,Outdoor,Combat,Medium shot
7331799655585516802.mp4_scene_21,no_spox,Graphics,Graphics,Empty
7331799655585516802.mp4_scene_22,F,Outdoor,Combat,Medium full shot
7331799655585516802.mp4_scene_23,M,Outdoor,Combat,Medium shot
7331799655585516802.mp4_scene_24,M,Outdoor,Combat,Medium shot
7331799655585516802.mp4_scene_25,M,Outdoor,Combat,Medium shot
7331799655585516802.mp4_scene_26,M,Outdoor,Combat,Medium shot
7331799655585516802.mp4_scene_27,F,Outdoor,Combat,Medium shot
7331799655585516802.mp4_scene_28,M,Outdoor,Combat,Medium shot
7331799655585516802.mp4_scene_29,M,Outdoor,Combat,Medium shot
7331799655585516802.mp4_scene_30,M,Outdoor,Combat,Medium shot
7331799655585516802.mp4_scene_31,no_spox,Graphics,Graphics,Empty
7331799655585516802.mp4_scene_32,M,Outdoor,Combat,Medium shot
7331799655585516802.mp4_scene_33,M,Outdoor,Combat,Medium shot
7331799655585516802.mp4_scene_34,M,Outdoor,Combat,Medium shot
7331799655585516802.mp4_scene_35,M,Outdoor,Combat,Medium full shot
7331799655585516802.mp4_scene_36,M,Outdoor,Combat,Medium shot
7331799655585516802.mp4_scene_37,M,Outdoor,Combat,Medium full shot
7331799655585516802.mp4_scene_38,M,Outdoor,Combat,Medium full shot
7331799655585516802.mp4_scene_39,M,Outdoor,Combat,Medium shot
7331799655585516802.mp4_scene_40,M,Outdoor,Combat,Medium shot
7331799655585516802.mp4_scene_41,M,Outdoor,Combat,Medium full shot
7331799655585516802.mp4_scene_42,no_spox,Graphics,Graphics,Empty
7332472351809899778.mp4_scene_1,M,Outdoor,Non-combat,Medium close up
7332472351809899778.mp4_scene_2,M,Outdoor,Non-combat,Medium close up
7332472351809899778.mp4_scene_3,M,Outdoor,Non-combat,Medium close up
7332472351809899778.mp4_scene_4,M,Outdoor,Non-combat,Medium close up
7332472351809899778.mp4_scene_5,M,Outdoor,Non-combat,Medium close up
7332472351809899778.mp4_scene_6,M,Outdoor,Non-combat,Medium close up
7332472351809899778.mp4_scene_7,M,Outdoor,Non-combat,Medium close up
7332472351809899778.mp4_scene_8,no_spox,Outdoor,Combat,Empty
7332472351809899778.mp4_scene_9,no_spox,Outdoor,Combat,Empty
7332472351809899778.mp4_scene_10,M,Outdoor,Non-combat,Medium close up
7332472351809899778.mp4_scene_11,M,Outdoor,Non-combat,Medium close up
7332472351809899778.mp4_scene_12,M,Outdoor,Non-combat,Medium close up
7332849312847727874.mp4_scene_1,F,Outdoor,Non-combat,Medium close up
7332849312847727874.mp4_scene_2,no_spox,Indoor,Combat,Medium full shot
7332849312847727874.mp4_scene_3,F,Indoor,Combat,Medium close up
7332849312847727874.mp4_scene_4,F,Indoor,Combat,Medium close up
7332849312847727874.mp4_scene_5,F,Indoor,Combat,Medium close up
7332849312847727874.mp4_scene_6,F,Indoor,Combat,Medium close up
7332849312847727874.mp4_scene_7,no_spox,Indoor,Combat,Wide shot
7332849312847727874.mp4_scene_8,F,Indoor,Combat,Medium close up
7332849312847727874.mp4_scene_9,no_spox,Indoor,Combat,Empty
7332849312847727874.mp4_scene_10,F,Indoor,Combat,Medium close up
7332849312847727874.mp4_scene_11,no_spox,Indoor,Combat,Empty
7332905549010308354.mp4_scene_1,F,Outdoor,Combat,Medium full shot
7332905549010308354.mp4_scene_2,no_spox,Outdoor,Combat,Wide shot
7332905549010308354.mp4_scene_3,F,Outdoor,Combat,Medium full shot
7332905549010308354.mp4_scene_4,no_spox,Outdoor,Combat,Full shot
7332905549010308354.mp4_scene_5,no_spox,Outdoor,Combat,Wide shot
7332905549010308354.mp4_scene_6,F,Outdoor,Combat,Medium full shot
7332905549010308354.mp4_scene_7,no_spox,Outdoor,Combat,Wide shot
7332905549010308354.mp4_scene_8,F,Outdoor,Combat,Medium full shot
7334671598806371586.mp4_scene_1,M,Indoor,Non-combat,Medium shot
7338351922929323265.mp4_scene_1,M,Outdoor,Combat,Medium full shot
7338351922929323265.mp4_scene_2,M,Outdoor,Combat,Medium full shot
7340346344940358913.mp4_scene_1,F,Outdoor,Combat,Medium shot
7340346344940358913.mp4_scene_2,no_spox,Outdoor,Combat,Wide shot
7340346344940358913.mp4_scene_3,F,Outdoor,Combat,Medium shot
7340346344940358913.mp4_scene_4,no_spox,Outdoor,Combat,Wide shot
7340346344940358913.mp4_scene_5,F,Outdoor,Combat,Medium shot
7340346344940358913.mp4_scene_6,no_spox,Outdoor,Combat,Empty
7340346344940358913.mp4_scene_7,no_spox,Outdoor,Combat,Wide shot
7340346344940358913.mp4_scene_8,F,Outdoor,Combat,Medium shot
7340346344940358913.mp4_scene_9,no_spox,Outdoor,Combat,Wide shot
7340346344940358913.mp4_scene_10,F,Outdoor,Combat,Medium shot
7340346344940358913.mp4_scene_11,F,Outdoor,Combat,Medium shot
7340346344940358913.mp4_scene_12,F,Outdoor,Combat,Medium shot
7340346344940358913.mp4_scene_13,no_spox,Outdoor,Combat,Empty
7340346344940358913.mp4_scene_14,no_spox,Outdoor,Combat,Wide shot
7340346344940358913.mp4_scene_15,F,Outdoor,Combat,Medium shot
7340346344940358913.mp4_scene_16,F,Outdoor,Combat,Medium shot
7340346344940358913.mp4_scene_17,F,Outdoor,Combat,Medium shot
7340346344940358913.mp4_scene_18,F,Outdoor,Combat,Medium shot
7340346344940358913.mp4_scene_19,no_spox,Outdoor,Combat,Wide shot
7340346344940358913.mp4_scene_20,F,Outdoor,Combat,Medium shot
7341387991081864449.mp4_scene_1,no_spox,Outdoor,Combat,Wide shot
7341387991081864449.mp4_scene_2,no_spox,Outdoor,Combat,Wide shot
7341387991081864449.mp4_scene_3,no_spox,Outdoor,Combat,Wide shot
7341387991081864449.mp4_scene_4,no_spox,Outdoor,Combat,Wide shot
7341387991081864449.mp4_scene_5,M,Outdoor,Combat,Medium shot
7341387991081864449.mp4_scene_6,M,Outdoor,Combat,Medium shot
7341387991081864449.mp4_scene_7,no_spox,Outdoor,Combat,Wide shot
7341387991081864449.mp4_scene_8,no_spox,Outdoor,Combat,Wide shot
7341387991081864449.mp4_scene_9,M,Outdoor,Combat,Medium shot
7341387991081864449.mp4_scene_10,no_spox,Outdoor,Combat,Wide shot
7341387991081864449.mp4_scene_11,no_spox,Outdoor,Combat,Wide shot
7341387991081864449.mp4_scene_12,M,Outdoor,Combat,Medium shot
7341387991081864449.mp4_scene_13,M,Outdoor,Combat,Medium shot
7341387991081864449.mp4_scene_14,M,Outdoor,Combat,Medium shot
7341387991081864449.mp4_scene_15,no_spox,Outdoor,Combat,Wide shot
7341387991081864449.mp4_scene_16,no_spox,Outdoor,Combat,Wide shot
7341387991081864449.mp4_scene_17,no_spox,Outdoor,Combat,Wide shot
7341387991081864449.mp4_scene_18,no_spox,Outdoor,Combat,Empty
7343946884572105985.mp4_scene_1,F,Outdoor,Combat,Medium full shot
7343946884572105985.mp4_scene_2,F,Outdoor,Non-combat,Medium shot
7343946884572105985.mp4_scene_3,F,Indoor,Combat,Medium shot
7343946884572105985.mp4_scene_4,F,Outdoor,Non-combat,Medium shot
7343946884572105985.mp4_scene_5,F,Outdoor,Combat,Medium full shot
7343946884572105985.mp4_scene_6,F,Outdoor,Non-combat,Medium shot
7343946884572105985.mp4_scene_7,F,Outdoor,Non-combat,Medium shot
7343946884572105985.mp4_scene_8,F,Outdoor,Non-combat,Medium shot
7343946884572105985.mp4_scene_9,F,Outdoor,Combat,Medium shot
7343946884572105985.mp4_scene_10,F,Indoor,Combat,Medium shot
7343946884572105985.mp4_scene_11,F,Outdoor,Non-combat,Medium shot
7343946884572105985.mp4_scene_12,F,Outdoor,Combat,Medium full shot
7343946884572105985.mp4_scene_13,F,Outdoor,Non-combat,Medium full shot
7343946884572105985.mp4_scene_14,F,Indoor,Combat,Medium shot
7343946884572105985.mp4_scene_15,F,Outdoor,Combat,Medium shot
7343946884572105985.mp4_scene_16,F,Outdoor,Combat,Medium full shot
7343946884572105985.mp4_scene_17,F,Outdoor,Combat,Medium shot
7343946884572105985.mp4_scene_18,F,Indoor,Combat,Medium shot
7343946884572105985.mp4_scene_19,F,Indoor,Combat,Medium shot
7343946884572105985.mp4_scene_20,F,Indoor,Combat,Medium shot
7343946884572105985.mp4_scene_21,F,Indoor,Combat,Medium shot
7343946884572105985.mp4_scene_22,F,Outdoor,Combat,Medium shot
7343946884572105985.mp4_scene_23,F,Outdoor,Combat,Medium shot
7343946884572105985.mp4_scene_24,F,Outdoor,Non-combat,Medium shot
7344718953144536322.mp4_scene_1,M,Outdoor,Non-combat,Medium shot
7344718953144536322.mp4_scene_2,M,Outdoor,Non-combat,Medium shot
7344718953144536322.mp4_scene_3,M,Outdoor,Non-combat,Medium shot
7344718953144536322.mp4_scene_4,M,Outdoor,Non-combat,Medium shot
7344718953144536322.mp4_scene_5,M,Outdoor,Non-combat,Medium shot
7344718953144536322.mp4_scene_6,M,Outdoor,Non-combat,Medium shot
7344718953144536322.mp4_scene_7,M,Outdoor,Non-combat,Medium shot
7345833350906563841.mp4_scene_1,M,Outdoor,Combat,Medium full shot
7345833350906563841.mp4_scene_2,M,Outdoor,Combat,Medium full shot
7345833350906563841.mp4_scene_3,no_spox,Outdoor,Combat,Full shot
7345833350906563841.mp4_scene_4,M,Outdoor,Combat,Medium full shot
7345833350906563841.mp4_scene_5,no_spox,Outdoor,Combat,Medium full shot
7345833350906563841.mp4_scene_6,M,Outdoor,Combat,Medium full shot
7345833350906563841.mp4_scene_7,no_spox,Outdoor,Combat,Full shot
7345833350906563841.mp4_scene_8,M,Outdoor,Combat,Medium full shot
7345833350906563841.mp4_scene_9,no_spox,Outdoor,Combat,Wide shot
7345833350906563841.mp4_scene_10,M,Outdoor,Combat,Medium full shot
7345833350906563841.mp4_scene_11,no_spox,Outdoor,Combat,Medium full shot
7345833350906563841.mp4_scene_12,M,Outdoor,Combat,Medium full shot
7345833350906563841.mp4_scene_13,no_spox,Outdoor,Combat,Wide shot
7347367797426736386.mp4_scene_1,no_spox,Outdoor,Combat,Empty
7347367797426736386.mp4_scene_2,no_spox,Outdoor,Combat,Empty
7347367797426736386.mp4_scene_3,no_spox,Outdoor,Combat,Empty
7347367797426736386.mp4_scene_4,no_spox,Outdoor,Combat,Empty
7347367797426736386.mp4_scene_5,no_spox,Outdoor,Combat,Empty
7347367797426736386.mp4_scene_6,no_spox,Outdoor,Combat,Empty
7347367797426736386.mp4_scene_7,no_spox,Graphics,Graphics,Empty
7347367797426736386.mp4_scene_8,no_spox,Outdoor,Combat,Empty
7347367797426736386.mp4_scene_9,no_spox,Outdoor,Combat,Empty
7347367797426736386.mp4_scene_10,no_spox,Indoor,Combat,Empty
7347367797426736386.mp4_scene_11,no_spox,Indoor,Combat,Empty
7347367797426736386.mp4_scene_12,no_spox,Graphics,Graphics,Empty
7347367797426736386.mp4_scene_13,no_spox,Indoor,Combat,Empty
7347367797426736386.mp4_scene_14,no_spox,Indoor,Combat,Empty
7347367797426736386.mp4_scene_15,no_spox,Graphics,Graphics,Empty
7347367797426736386.mp4_scene_16,no_spox,Graphics,Graphics,Empty
7347367797426736386.mp4_scene_17,no_spox,Graphics,Graphics,Empty
7347367797426736386.mp4_scene_18,M,Outdoor,Non-combat,Medium shot
7347367797426736386.mp4_scene_19,M,Outdoor,Non-combat,Medium shot
7347367797426736386.mp4_scene_20,M,Outdoor,Non-combat,Medium shot
7347367797426736386.mp4_scene_21,no_spox,Outdoor,Combat,Empty
7347367797426736386.mp4_scene_22,no_spox,Outdoor,Combat,Empty
7347367797426736386.mp4_scene_23,no_spox,Outdoor,Combat,Empty
7347367797426736386.mp4_scene_24,no_spox,Outdoor,Combat,Empty
7347367797426736386.mp4_scene_25,no_spox,Graphics,Graphics,Empty
7347367797426736386.mp4_scene_26,no_spox,Graphics,Graphics,Empty
7347367797426736386.mp4_scene_27,no_spox,Graphics,Graphics,Empty
7347367797426736386.mp4_scene_28,no_spox,Outdoor,Combat,Medium full shot
7347367797426736386.mp4_scene_29,no_spox,Outdoor,Combat,Empty
7347367797426736386.mp4_scene_30,no_spox,Outdoor,Combat,Empty
7347367797426736386.mp4_scene_31,no_spox,Outdoor,Combat,Empty
7347367797426736386.mp4_scene_32,no_spox,Graphics,Graphics,Empty
7347367797426736386.mp4_scene_33,M,Outdoor,Non-combat,Medium shot
7347367797426736386.mp4_scene_34,no_spox,Indoor,Combat,Empty
7347367797426736386.mp4_scene_35,no_spox,Outdoor,Combat,Empty
7347367797426736386.mp4_scene_36,no_spox,Outdoor,Non-combat,Empty
7347367797426736386.mp4_scene_37,no_spox,Outdoor,Combat,Empty
7347367797426736386.mp4_scene_38,no_spox,Outdoor,Combat,Empty
7347367797426736386.mp4_scene_39,no_spox,Outdoor,Combat,Empty
7347367797426736386.mp4_scene_40,M,Outdoor,Non-combat,Medium close up
7347367797426736386.mp4_scene_41,no_spox,Graphics,Graphics,Empty
7347367797426736386.mp4_scene_42,M,Outdoor,Non-combat,Medium shot
7347367797426736386.mp4_scene_43,no_spox,Graphics,Graphics,Empty
7347367797426736386.mp4_scene_44,M,Outdoor,Non-combat,Medium shot
7347367797426736386.mp4_scene_45,M,Outdoor,Non-combat,Medium shot
7347367797426736386.mp4_scene_46,no_spox,Outdoor,Non-combat,Empty
7347367797426736386.mp4_scene_47,no_spox,Outdoor,Combat,Empty
7347367797426736386.mp4_scene_48,no_spox,Outdoor,Non-combat,Empty
7347367797426736386.mp4_scene_49,no_spox,Outdoor,Combat,Medium full shot
7347367797426736386.mp4_scene_50,no_spox,Outdoor,Combat,Empty
7348487733796457729.mp4_scene_1,M,Outdoor,Combat,Medium shot
7348487733796457729.mp4_scene_2,M,Outdoor,Combat,Medium shot
7348487733796457729.mp4_scene_3,M,Outdoor,Combat,Medium shot
7348487733796457729.mp4_scene_4,M,Outdoor,Combat,Medium shot
7348487733796457729.mp4_scene_5,M,Outdoor,Combat,Medium shot
7348487733796457729.mp4_scene_6,M,Outdoor,Combat,Medium shot
7348487733796457729.mp4_scene_7,M,Outdoor,Combat,Medium shot
7348487733796457729.mp4_scene_8,M,Outdoor,Combat,Medium shot
7348487733796457729.mp4_scene_9,M,Outdoor,Combat,Medium shot
7349653141559741704.mp4_scene_1,mixed,Outdoor,Combat,Full shot
7349653141559741704.mp4_scene_2,M,Outdoor,Combat,Full shot
7349653141559741704.mp4_scene_3,M,Outdoor,Combat,Full shot
7349653141559741704.mp4_scene_4,M,Outdoor,Combat,Medium full shot
7349653141559741704.mp4_scene_5,M,Outdoor,Combat,Full shot
7349653141559741704.mp4_scene_6,M,Outdoor,Combat,Medium shot
7349653141559741704.mp4_scene_7,M,Outdoor,Combat,Medium full shot
7349653141559741704.mp4_scene_8,M,Outdoor,Combat,Full shot
7349653141559741704.mp4_scene_9,M,Outdoor,Combat,Full shot
7349653141559741704.mp4_scene_10,M,Outdoor,Combat,Full shot
7349653141559741704.mp4_scene_11,M,Outdoor,Combat,Medium shot
7349653141559741704.mp4_scene_12,M,Outdoor,Combat,Medium full shot
7349653141559741704.mp4_scene_13,mixed,Outdoor,Combat,Full shot
7349653141559741704.mp4_scene_14,mixed,Outdoor,Combat,Full shot
7352976654261652753.mp4_scene_1,no_spox,Graphics,Graphics,Empty
7352976654261652753.mp4_scene_2,M,Indoor,Non-combat,Medium close up
7352976654261652753.mp4_scene_3,M,Indoor,Non-combat,Medium close up
7352976654261652753.mp4_scene_4,M,Indoor,Non-combat,Medium close up
7352976654261652753.mp4_scene_5,no_spox,Graphics,Graphics,Empty
7357463831200730384.mp4_scene_1,M,Indoor,Non-combat,Medium shot
7357772207445134608.mp4_scene_1,F,Indoor,Non-combat,Medium shot
7357772207445134608.mp4_scene_2,no_spox,Outdoor,Non-combat,Empty
7357772207445134608.mp4_scene_3,no_spox,Graphics,Graphics,Empty
7357772207445134608.mp4_scene_4,F,Indoor,Non-combat,Medium shot
7357772207445134608.mp4_scene_5,no_spox,Graphics,Graphics,Empty
7357772207445134608.mp4_scene_6,F,Indoor,Non-combat,Medium close up
7357772207445134608.mp4_scene_7,F,Indoor,Non-combat,Medium shot
7357772207445134608.mp4_scene_8,no_spox,Outdoor,Combat,Empty
7357772207445134608.mp4_scene_9,no_spox,Outdoor,Combat,Empty
7357772207445134608.mp4_scene_10,no_spox,Indoor,Combat,Empty
7357772207445134608.mp4_scene_11,F,Indoor,Non-combat,Medium shot
7357772207445134608.mp4_scene_12,F,Indoor,Non-combat,Medium close up
7357772207445134608.mp4_scene_13,no_spox,Graphics,Graphics,Empty
7357772207445134608.mp4_scene_14,F,Indoor,Non-combat,Medium shot
7357772207445134608.mp4_scene_15,F,Indoor,Non-combat,Medium close up
7357772207445134608.mp4_scene_16,F,Indoor,Non-combat,Medium shot
7357772207445134608.mp4_scene_17,F,Indoor,Non-combat,Medium close up
7357772207445134608.mp4_scene_18,F,Indoor,Non-combat,Medium shot
7357772207445134608.mp4_scene_19,no_spox,Graphics,Graphics,Empty
7357772207445134608.mp4_scene_20,F,Indoor,Non-combat,Medium shot
7357772207445134608.mp4_scene_21,no_spox,Outdoor,Combat,Empty
7357772207445134608.mp4_scene_22,no_spox,Outdoor,Combat,Empty
7357772207445134608.mp4_scene_23,no_spox,Outdoor,Combat,Empty
7357772207445134608.mp4_scene_24,no_spox,Outdoor,Combat,Empty
7357772207445134608.mp4_scene_25,no_spox,Outdoor,Combat,Empty
7357772207445134608.mp4_scene_26,F,Indoor,Non-combat,Medium shot
7357772207445134608.mp4_scene_27,F,Indoor,Non-combat,Medium shot
7357772207445134608.mp4_scene_28,no_spox,Outdoor,Combat,Empty
7357772207445134608.mp4_scene_29,no_spox,Outdoor,Combat,Empty
7357772207445134608.mp4_scene_30,no_spox,Indoor,Combat,Empty
7357772207445134608.mp4_scene_31,no_spox,Graphics,Graphics,Empty
7357772207445134608.mp4_scene_32,F,Indoor,Non-combat,Medium shot
7357772207445134608.mp4_scene_33,no_spox,Outdoor,Combat,Empty
7357772207445134608.mp4_scene_34,F,Indoor,Non-combat,Medium shot
7358551328412486928.mp4_scene_1,F,Outdoor,Combat,Medium shot
7358551328412486928.mp4_scene_2,no_spox,Outdoor,Combat,Empty
7358551328412486928.mp4_scene_3,F,Outdoor,Combat,Medium shot
7360386332880948481.mp4_scene_1,F,Outdoor,Combat,Medium full shot
7360386332880948481.mp4_scene_2,no_spox,Outdoor,Combat,Empty
7360386332880948481.mp4_scene_3,F,Outdoor,Combat,Medium full shot
7360386332880948481.mp4_scene_4,no_spox,Outdoor,Combat,Empty
7360386332880948481.mp4_scene_5,F,Outdoor,Combat,Medium full shot
7360386332880948481.mp4_scene_6,no_spox,Graphics,Graphics,Empty
7363694230851620113.mp4_scene_1,M,Outdoor,Non-combat,Medium close up
7363694230851620113.mp4_scene_2,M,Outdoor,Non-combat,Medium close up
7363694230851620113.mp4_scene_3,M,Outdoor,Non-combat,Medium close up
7363694230851620113.mp4_scene_4,M,Outdoor,Non-combat,Medium close up
7363694230851620113.mp4_scene_5,M,Outdoor,Non-combat,Medium close up
7363694230851620113.mp4_scene_6,M,Outdoor,Non-combat,Medium close up
7363694230851620113.mp4_scene_7,M,Outdoor,Non-combat,Medium close up
7363694230851620113.mp4_scene_8,no_spox,Outdoor,Combat,Wide shot
7363694230851620113.mp4_scene_9,M,Outdoor,Non-combat,Medium close up
7363694230851620113.mp4_scene_10,M,Outdoor,Non-combat,Medium close up
7363694230851620113.mp4_scene_11,M,Outdoor,Non-combat,Medium close up
7363694230851620113.mp4_scene_12,M,Outdoor,Non-combat,Medium close up
7363694230851620113.mp4_scene_13,M,Outdoor,Non-combat,Medium close up
7363694230851620113.mp4_scene_14,M,Outdoor,Non-combat,Medium close up
7363694230851620113.mp4_scene_15,M,Outdoor,Non-combat,Medium close up
7363694230851620113.mp4_scene_16,M,Outdoor,Non-combat,Medium close up
7363694230851620113.mp4_scene_17,M,Outdoor,Non-combat,Medium close up
7363694230851620113.mp4_scene_18,M,Outdoor,Non-combat,Medium close up
7363694230851620113.mp4_scene_19,M,Outdoor,Non-combat,Medium close up
7363694230851620113.mp4_scene_20,M,Outdoor,Non-combat,Medium close up
7365531535774207248.mp4_scene_1,M,Indoor,Non-combat,Medium close up
7365531535774207248.mp4_scene_2,no_spox,Outdoor,Combat,Medium full shot
7365531535774207248.mp4_scene_3,M,Indoor,Non-combat,Medium close up
7365531535774207248.mp4_scene_4,no_spox,Outdoor,Combat,Wide shot
7365531535774207248.mp4_scene_5,F,Indoor,Non-combat,Medium close up
7365531535774207248.mp4_scene_6,no_spox,Outdoor,Non-combat,Empty
7365531535774207248.mp4_scene_7,F,Indoor,Non-combat,Medium close up
7365531535774207248.mp4_scene_8,no_spox,Outdoor,Combat,Wide shot
7365531535774207248.mp4_scene_9,M,Indoor,Non-combat,Medium close up
7365531535774207248.mp4_scene_10,no_spox,Outdoor,Combat,Medium full shot
7365531535774207248.mp4_scene_11,M,Indoor,Non-combat,Medium close up
7365531535774207248.mp4_scene_12,no_spox,Outdoor,Combat,Empty
7365531535774207248.mp4_scene_13,F,Indoor,Non-combat,Medium close up
7365531535774207248.mp4_scene_14,no_spox,Outdoor,Combat,Empty
7365531535774207248.mp4_scene_15,F,Indoor,Non-combat,Medium close up
7365531535774207248.mp4_scene_16,no_spox,Outdoor,Combat,Medium full shot
7365531535774207248.mp4_scene_17,M,Indoor,Non-combat,Medium close up
7365788863941397776.mp4_scene_1,F,Outdoor,Combat,Medium full shot
7365788863941397776.mp4_scene_2,M,Outdoor,Combat,Medium full shot
7365788863941397776.mp4_scene_3,M,Outdoor,Combat,Medium full shot
7365788863941397776.mp4_scene_4,M,Outdoor,Combat,Medium full shot
7365788863941397776.mp4_scene_5,F,Outdoor,Non-combat,Medium full shot
7365788863941397776.mp4_scene_6,F,Outdoor,Non-combat,Medium full shot
7365788863941397776.mp4_scene_7,M,Outdoor,Non-combat,Medium full shot
7365788863941397776.mp4_scene_8,M,Outdoor,Combat,Medium full shot
7365788863941397776.mp4_scene_9,M,Outdoor,Combat,Medium full shot
7365788863941397776.mp4_scene_10,M,Outdoor,Combat,Medium full shot
7365788863941397776.mp4_scene_11,F,Outdoor,Non-combat,Medium full shot
7365788863941397776.mp4_scene_12,M,Outdoor,Combat,Medium full shot
7365788863941397776.mp4_scene_13,M,Outdoor,Combat,Medium shot
7365788863941397776.mp4_scene_14,F,Outdoor,Non-combat,Medium full shot
7365788863941397776.mp4_scene_15,F,Outdoor,Combat,Medium full shot
7365788863941397776.mp4_scene_16,M,Outdoor,Combat,Medium full shot
7365788863941397776.mp4_scene_17,M,Outdoor,Non-combat,Medium full shot
7365788863941397776.mp4_scene_18,M,Outdoor,Combat,Medium full shot
7365788863941397776.mp4_scene_19,F,Outdoor,Non-combat,Medium full shot
7365788863941397776.mp4_scene_20,M,Outdoor,Combat,Medium full shot
7365788863941397776.mp4_scene_21,M,Outdoor,Combat,Medium full shot
7366991467241393425.mp4_scene_1,M,Indoor,Non-combat,Medium shot
7366991467241393425.mp4_scene_2,no_spox,Outdoor,Combat,Full shot
7366991467241393425.mp4_scene_3,M,Indoor,Non-combat,Medium shot
7367077964921572625.mp4_scene_1,F,Indoor,Non-combat,Medium shot
7367077964921572625.mp4_scene_2,F,Indoor,Non-combat,Medium shot
7367077964921572625.mp4_scene_3,no_spox,Graphics,Graphics,Empty
7367295492042001681.mp4_scene_1,F,Indoor,Combat,Medium shot
7367295492042001681.mp4_scene_2,F,Indoor,Combat,Medium shot
7367295492042001681.mp4_scene_3,F,Indoor,Combat,Medium shot
7367295492042001681.mp4_scene_4,F,Indoor,Combat,Medium shot
7367398847783423248.mp4_scene_1,M,Indoor,Non-combat,Full shot
7367791048719961345.mp4_scene_1,F,Indoor,Non-combat,Medium shot
7367791048719961345.mp4_scene_2,F,Indoor,Non-combat,Medium shot
7367791048719961345.mp4_scene_3,F,Indoor,Non-combat,Medium shot
7367791048719961345.mp4_scene_4,F,Indoor,Non-combat,Medium shot
7367791048719961345.mp4_scene_5,F,Indoor,Non-combat,Medium shot
7367791048719961345.mp4_scene_6,F,Indoor,Non-combat,Medium shot
7367791048719961345.mp4_scene_7,F,Indoor,Non-combat,Medium shot
7367840416835636496.mp4_scene_1,M,Indoor,Non-combat,Medium close up
7367840416835636496.mp4_scene_2,F,Indoor,Non-combat,Medium close up
7367840416835636496.mp4_scene_3,M,Indoor,Non-combat,Medium close up
7367840416835636496.mp4_scene_4,F,Indoor,Non-combat,Medium close up
7367840416835636496.mp4_scene_5,F,Indoor,Non-combat,Medium shot
7367840416835636496.mp4_scene_6,F,Indoor,Non-combat,Medium close up
7367840416835636496.mp4_scene_7,M,Indoor,Non-combat,Medium close up
7367840416835636496.mp4_scene_8,F,Indoor,Non-combat,Medium close up
7367840416835636496.mp4_scene_9,F,Indoor,Non-combat,Medium shot
7367840416835636496.mp4_scene_10,F,Indoor,Non-combat,Medium close up
7368117526204517633.mp4_scene_1,F,Indoor,Non-combat,Medium shot
7368117526204517633.mp4_scene_2,M,Indoor,Non-combat,Medium shot
7368117526204517633.mp4_scene_3,F,Indoor,Non-combat,Medium shot
7368117526204517633.mp4_scene_4,M,Indoor,Non-combat,Medium shot
7368117526204517633.mp4_scene_5,F,Indoor,Non-combat,Medium shot
7368117526204517633.mp4_scene_6,F,Indoor,Non-combat,Medium shot
7368117526204517633.mp4_scene_7,F,Indoor,Non-combat,Medium shot
7368117526204517633.mp4_scene_8,M,Indoor,Non-combat,Medium shot
7368117526204517633.mp4_scene_9,F,Indoor,Non-combat,Medium shot
7368117526204517633.mp4_scene_10,F,Indoor,Non-combat,Medium shot
7368117526204517633.mp4_scene_11,M,Indoor,Non-combat,Medium shot
7368117526204517633.mp4_scene_12,F,Indoor,Non-combat,Medium shot
7368117526204517633.mp4_scene_13,F,Indoor,Non-combat,Medium shot
7368117526204517633.mp4_scene_14,M,Indoor,Non-combat,Medium shot
7368117526204517633.mp4_scene_15,M,Indoor,Non-combat,Medium shot
7368117526204517633.mp4_scene_16,F,Indoor,Non-combat,Medium shot
7373301226915564816.mp4_scene_1,M,Indoor,Non-combat,Medium close up
7377052376907189521.mp4_scene_1,F,Outdoor,Non-combat,Medium close up
7377052376907189521.mp4_scene_2,no_spox,Indoor,Combat,Wide shot
7377052376907189521.mp4_scene_3,F,Outdoor,Non-combat,Medium close up
7377052376907189521.mp4_scene_4,no_spox,Indoor,Combat,Wide shot
7377052376907189521.mp4_scene_5,F,Outdoor,Non-combat,Medium close up
7377052376907189521.mp4_scene_6,F,Outdoor,Non-combat,Medium close up
7377052376907189521.mp4_scene_7,no_spox,Outdoor,Non-combat,Empty
7377052376907189521.mp4_scene_8,F,Outdoor,Non-combat,Medium close up
7377052376907189521.mp4_scene_9,no_spox,Outdoor,Non-combat,Empty
7377052376907189521.mp4_scene_10,no_spox,Outdoor,Non-combat,Empty
7377052376907189521.mp4_scene_11,F,Outdoor,Non-combat,Medium close up
7377052376907189521.mp4_scene_12,no_spox,Graphics,Graphics,Empty
7377052376907189521.mp4_scene_13,no_spox,Outdoor,Non-combat,Empty
7377052376907189521.mp4_scene_14,F,Outdoor,Non-combat,Medium close up
7378235135549902081.mp4_scene_1,F,Outdoor,Non-combat,Medium close up
7378235135549902081.mp4_scene_2,F,Outdoor,Non-combat,Medium close up
7378235135549902081.mp4_scene_3,no_spox,Graphics,Graphics,Medium close up
7378235135549902081.mp4_scene_4,no_spox,Outdoor,Combat,Wide shot
7378235135549902081.mp4_scene_5,F,Outdoor,Non-combat,Medium close up
7378235135549902081.mp4_scene_6,F,Outdoor,Non-combat,Medium close up
7385305519772175634.mp4_scene_1,M,Indoor,Non-combat,Medium shot
7385305519772175634.mp4_scene_2,M,Indoor,Non-combat,Medium close up
7385305519772175634.mp4_scene_3,no_spox,Outdoor,Combat,Wide shot
7385305519772175634.mp4_scene_4,M,Indoor,Non-combat,Medium shot
7385305519772175634.mp4_scene_5,M,Indoor,Non-combat,Medium shot
7385305519772175634.mp4_scene_6,M,Indoor,Non-combat,Medium shot
7385305519772175634.mp4_scene_7,M,Indoor,Non-combat,Medium shot
7385305519772175634.mp4_scene_8,no_spox,Outdoor,Non-combat,Empty
7385305519772175634.mp4_scene_9,no_spox,Outdoor,Non-combat,Empty
7385305519772175634.mp4_scene_10,M,Indoor,Non-combat,Medium shot
7385305519772175634.mp4_scene_11,M,Indoor,Non-combat,Medium shot
7385305519772175634.mp4_scene_12,M,Indoor,Non-combat,Medium shot
7385305519772175634.mp4_scene_13,M,Indoor,Non-combat,Medium shot
7386685007823162642.mp4_scene_1,F,Outdoor,Non-combat,Medium close up
7386685007823162642.mp4_scene_2,no_spox,Indoor,Combat,Empty
7386685007823162642.mp4_scene_3,F,Outdoor,Non-combat,Medium close up
7386685007823162642.mp4_scene_4,F,Outdoor,Non-combat,Medium close up
7386685007823162642.mp4_scene_5,no_spox,Outdoor,Non-combat,Empty
7386685007823162642.mp4_scene_6,F,Outdoor,Non-combat,Medium close up
7388968754849369361.mp4_scene_1,F,Outdoor,Non-combat,Medium close up
7388968754849369361.mp4_scene_2,no_spox,Outdoor,Combat,Medium close up
7388968754849369361.mp4_scene_3,F,Outdoor,Non-combat,Medium close up
7388968754849369361.mp4_scene_4,no_spox,Outdoor,Combat,Empty
7388968754849369361.mp4_scene_5,F,Outdoor,Non-combat,Medium close up
7388968754849369361.mp4_scene_6,no_spox,Indoor,Combat,Empty
7388968754849369361.mp4_scene_7,F,Outdoor,Non-combat,Medium close up
7388968754849369361.mp4_scene_8,F,Outdoor,Non-combat,Medium close up
7388968754849369361.mp4_scene_9,no_spox,Outdoor,Non-combat,Empty
7388968754849369361.mp4_scene_10,no_spox,Outdoor,Non-combat,Empty
7388968754849369361.mp4_scene_11,no_spox,Outdoor,Combat,Medium full shot
7388968754849369361.mp4_scene_12,F,Outdoor,Non-combat,Medium close up
7388968754849369361.mp4_scene_13,no_spox,Outdoor,Non-combat,Empty
7388968754849369361.mp4_scene_14,F,Outdoor,Non-combat,Medium close up
7390029779774229781.mp4_scene_1,F,Outdoor,Non-combat,Medium full shot
7390029779774229781.mp4_scene_2,F,Outdoor,Non-combat,Medium shot
7390029779774229781.mp4_scene_3,F,Outdoor,Non-combat,Medium shot
7390029779774229781.mp4_scene_4,no_spox,Outdoor,Combat,Empty
7390029779774229781.mp4_scene_5,F,Indoor,Non-combat,Full shot
7390029779774229781.mp4_scene_6,F,Outdoor,Combat,Medium full shot
7390029779774229781.mp4_scene_7,F,Outdoor,Combat,Medium full shot
7396409314396687632.mp4_scene_1,M,Indoor,Non-combat,Medium shot
7396409314396687632.mp4_scene_2,no_spox,Graphics,Graphics,Empty
7397447925460241671.mp4_scene_1,F,Indoor,Non-combat,Medium shot
7397447925460241671.mp4_scene_2,no_spox,Outdoor,Non-combat,Wide shot
7397447925460241671.mp4_scene_3,F,Indoor,Non-combat,Medium shot
7397447925460241671.mp4_scene_4,no_spox,Outdoor,Combat,Wide shot
7397447925460241671.mp4_scene_5,F,Indoor,Non-combat,Medium shot
7397447925460241671.mp4_scene_6,no_spox,Graphics,Graphics,Empty
7397447925460241671.mp4_scene_7,F,Indoor,Non-combat,Medium shot
7397447925460241671.mp4_scene_8,F,Indoor,Non-combat,Medium shot
7397447925460241671.mp4_scene_9,no_spox,Outdoor,Non-combat,Empty
7397447925460241671.mp4_scene_10,F,Indoor,Non-combat,Medium shot
7397447925460241671.mp4_scene_11,F,Indoor,Non-combat,Medium shot
7397447925460241671.mp4_scene_12,no_spox,Outdoor,Non-combat,Empty
7397447925460241671.mp4_scene_13,F,Indoor,Non-combat,Medium shot
7397447925460241671.mp4_scene_14,F,Indoor,Non-combat,Medium shot
7397447925460241671.mp4_scene_15,no_spox,Outdoor,Combat,Wide shot
7397447925460241671.mp4_scene_16,F,Indoor,Non-combat,Medium shot
7400439237939563796.mp4_scene_1,F,Indoor,Non-combat,Medium shot
7400439237939563796.mp4_scene_2,mixed,Indoor,Non-combat,Medium shot
7400439237939563796.mp4_scene_3,F,Indoor,Non-combat,Medium shot
7400439237939563796.mp4_scene_4,F,Indoor,Non-combat,Medium shot
7400439237939563796.mp4_scene_5,F,Indoor,Non-combat,Medium shot
7400439237939563796.mp4_scene_6,F,Indoor,Non-combat,Medium shot
7400439237939563796.mp4_scene_7,M,Indoor,Non-combat,Medium shot
7400439237939563796.mp4_scene_8,F,Indoor,Non-combat,Medium shot
7400439237939563796.mp4_scene_9,M,Indoor,Non-combat,Medium shot
7400439237939563796.mp4_scene_10,F,Indoor,Non-combat,Medium shot
7400840806661197077.mp4_scene_1,M,Indoor,Non-combat,Medium close up
7400840806661197077.mp4_scene_2,M,Indoor,Non-combat,Medium close up
7400840806661197077.mp4_scene_3,M,Indoor,Non-combat,Medium close up
7400840806661197077.mp4_scene_4,no_spox,Outdoor,Combat,Empty
7400840806661197077.mp4_scene_5,no_spox,Outdoor,Combat,Empty
7400840806661197077.mp4_scene_6,no_spox,Outdoor,Combat,Empty
7400840806661197077.mp4_scene_7,M,Indoor,Non-combat,Medium close up
7400840806661197077.mp4_scene_8,no_spox,Outdoor,Combat,Empty
7400840806661197077.mp4_scene_9,no_spox,Outdoor,Combat,Empty
7400840806661197077.mp4_scene_10,no_spox,Outdoor,Non-combat,Empty
7400840806661197077.mp4_scene_11,no_spox,Outdoor,Non-combat,Empty
7400840806661197077.mp4_scene_12,no_spox,Outdoor,Combat,Empty
7400840806661197077.mp4_scene_13,M,Indoor,Non-combat,Medium close up
7404838712183508231.mp4_scene_1,M,Outdoor,Combat,Wide shot
7404838712183508231.mp4_scene_2,M,Outdoor,Combat,Medium full shot
7404838712183508231.mp4_scene_3,M,Outdoor,Combat,Medium shot
7404838712183508231.mp4_scene_4,M,Outdoor,Combat,Wide shot
7404838712183508231.mp4_scene_5,M,Outdoor,Combat,Medium full shot
7404838712183508231.mp4_scene_6,M,Outdoor,Combat,Wide shot
7404838712183508231.mp4_scene_7,M,Outdoor,Combat,Medium full shot
7404838712183508231.mp4_scene_8,M,Outdoor,Combat,Medium shot
7405981980120075540.mp4_scene_1,F,Outdoor,Non-combat,Medium full shot
7405981980120075540.mp4_scene_2,F,Outdoor,Non-combat,Medium full shot
7405981980120075540.mp4_scene_3,no_spox,Outdoor,Combat,Empty
7405981980120075540.mp4_scene_4,no_spox,Graphics,Graphics,Empty
7405981980120075540.mp4_scene_5,no_spox,Graphics,Graphics,Empty
7405981980120075540.mp4_scene_6,no_spox,Graphics,Graphics,Empty
7405981980120075540.mp4_scene_7,no_spox,Graphics,Graphics,Empty
7405981980120075540.mp4_scene_8,F,Outdoor,Non-combat,Medium full shot
7405981980120075540.mp4_scene_9,F,Outdoor,Non-combat,Medium full shot
7405981980120075540.mp4_scene_10,no_spox,Indoor,Combat,Medium full shot
7405981980120075540.mp4_scene_11,no_spox,Indoor,Combat,Medium full shot
7405981980120075540.mp4_scene_12,no_spox,Indoor,Combat,Empty
7405981980120075540.mp4_scene_13,F,Outdoor,Non-combat,Medium full shot
7405981980120075540.mp4_scene_14,F,Outdoor,Non-combat,Medium full shot
7405981980120075540.mp4_scene_15,F,Outdoor,Non-combat,Medium full shot
7405981980120075540.mp4_scene_16,F,Outdoor,Non-combat,Medium full shot
7405981980120075540.mp4_scene_17,F,Outdoor,Non-combat,Medium full shot
7405981980120075540.mp4_scene_18,F,Outdoor,Non-combat,Medium full shot
7413374980831874312.mp4_scene_1,M,Outdoor,Combat,Medium shot
7413374980831874312.mp4_scene_2,no_spox,Outdoor,Combat,Empty
7413374980831874312.mp4_scene_3,no_spox,Outdoor,Combat,Empty
7413374980831874312.mp4_scene_4,M,Outdoor,Combat,Medium shot
7413374980831874312.mp4_scene_5,M,Outdoor,Combat,Medium close up
7413374980831874312.mp4_scene_6,no_spox,Outdoor,Combat,Empty
7413374980831874312.mp4_scene_7,no_spox,Indoor,Combat,Empty
7413374980831874312.mp4_scene_8,M,Indoor,Combat,Medium close up
7413374980831874312.mp4_scene_9,M,Indoor,Combat,Full shot
7413374980831874312.mp4_scene_10,M,Indoor,Combat,Medium shot
7413374980831874312.mp4_scene_11,M,Indoor,Combat,Medium full shot
7413374980831874312.mp4_scene_12,no_spox,Indoor,Combat,Empty
7413374980831874312.mp4_scene_13,M,Indoor,Combat,Medium full shot
7413374980831874312.mp4_scene_14,no_spox,Indoor,Combat,Empty
7413374980831874312.mp4_scene_15,no_spox,Indoor,Combat,Empty
7413374980831874312.mp4_scene_16,no_spox,Indoor,Combat,Empty
7413374980831874312.mp4_scene_17,no_spox,Indoor,Combat,Empty
7414538490660048135.mp4_scene_1,F,Outdoor,Non-combat,Medium close up
7414538490660048135.mp4_scene_2,no_spox,Outdoor,Combat,Empty
7414538490660048135.mp4_scene_3,F,Outdoor,Non-combat,Medium close up
7414538490660048135.mp4_scene_4,no_spox,Outdoor,Combat,Empty
7414538490660048135.mp4_scene_5,F,Outdoor,Non-combat,Medium close up
7414538490660048135.mp4_scene_6,no_spox,Outdoor,Combat,Medium shot
7414538490660048135.mp4_scene_7,F,Outdoor,Non-combat,Medium close up
7414538490660048135.mp4_scene_8,no_spox,Outdoor,Combat,Wide shot
7414538490660048135.mp4_scene_9,F,Indoor,Non-combat,Medium close up
7414538490660048135.mp4_scene_10,no_spox,Outdoor,Combat,Close up
7414538490660048135.mp4_scene_11,F,Outdoor,Non-combat,Medium close up
7414538490660048135.mp4_scene_12,no_spox,Outdoor,Combat,Empty
7414538490660048135.mp4_scene_13,F,Outdoor,Non-combat,Medium close up
7414538490660048135.mp4_scene_14,no_spox,Outdoor,Combat,Empty
7414538490660048135.mp4_scene_15,F,Outdoor,Non-combat,Medium close up
7414538490660048135.mp4_scene_16,no_spox,Outdoor,Combat,Medium close up
7417541679802060050.mp4_scene_1,M,Indoor,Non-combat,Medium close up
7417541679802060050.mp4_scene_2,no_spox,Outdoor,Non-combat,Empty
7417541679802060050.mp4_scene_3,no_spox,Outdoor,Combat,Empty
7417541679802060050.mp4_scene_4,no_spox,Outdoor,Combat,Empty
7417541679802060050.mp4_scene_5,no_spox,Outdoor,Combat,Empty
7417541679802060050.mp4_scene_6,no_spox,Outdoor,Combat,Empty
7417541679802060050.mp4_scene_7,no_spox,Outdoor,Combat,Empty
7417541679802060050.mp4_scene_8,M,Indoor,Non-combat,Medium close up
7417541679802060050.mp4_scene_9,M,Indoor,Non-combat,Medium close up
7417541679802060050.mp4_scene_10,M,Indoor,Non-combat,Medium close up
7417541679802060050.mp4_scene_11,M,Indoor,Non-combat,Medium close up
7417541679802060050.mp4_scene_12,no_spox,Graphics,Graphics,Empty
7417541679802060050.mp4_scene_13,no_spox,Graphics,Graphics,Empty
7417541679802060050.mp4_scene_14,M,Indoor,Non-combat,Medium close up
7417541679802060050.mp4_scene_15,M,Indoor,Non-combat,Medium close up
7417541679802060050.mp4_scene_16,no_spox,Outdoor,Combat,Empty
7417541679802060050.mp4_scene_17,no_spox,Outdoor,Combat,Empty
7417541679802060050.mp4_scene_18,no_spox,Outdoor,Combat,Empty
7417541679802060050.mp4_scene_19,no_spox,Outdoor,Combat,Empty
7417541679802060050.mp4_scene_20,no_spox,Outdoor,Combat,Wide shot
7417541679802060050.mp4_scene_21,M,Indoor,Non-combat,Medium close up
7417541679802060050.mp4_scene_22,M,Indoor,Non-combat,Medium close up
7421923208376405266.mp4_scene_1,F,Outdoor,Combat,Medium full shot
7421923208376405266.mp4_scene_2,no_spox,Outdoor,Combat,Wide shot
7421923208376405266.mp4_scene_3,no_spox,Graphics,Graphics,Empty
7421923208376405266.mp4_scene_4,no_spox,Outdoor,Combat,Medium shot
7421923208376405266.mp4_scene_5,F,Outdoor,Combat,Medium full shot
7421923208376405266.mp4_scene_6,no_spox,Outdoor,Combat,Empty
7421923208376405266.mp4_scene_7,F,Outdoor,Combat,Medium full shot
7421923208376405266.mp4_scene_8,no_spox,Indoor,Combat,Empty
7421923208376405266.mp4_scene_9,no_spox,Outdoor,Non-combat,Empty
7421923208376405266.mp4_scene_10,no_spox,Outdoor,Non-combat,Empty
7421923208376405266.mp4_scene_11,no_spox,Outdoor,Combat,Empty
7421923208376405266.mp4_scene_12,F,Outdoor,Combat,Medium full shot
7422617346390494471.mp4_scene_1,M,Outdoor,Non-combat,Medium full shot
7422617346390494471.mp4_scene_2,M,Indoor,Non-combat,Medium shot
7422617346390494471.mp4_scene_3,M,Outdoor,Non-combat,Medium full shot
7422617346390494471.mp4_scene_4,M,Outdoor,Non-combat,Medium shot
7422617346390494471.mp4_scene_5,no_spox,Outdoor,Combat,Empty
7422617346390494471.mp4_scene_6,F,Outdoor,Non-combat,Medium full shot
7422617346390494471.mp4_scene_7,M,Outdoor,Non-combat,Medium full shot
7422617346390494471.mp4_scene_8,M,Outdoor,Non-combat,Medium full shot
7422617346390494471.mp4_scene_9,no_spox,Indoor,Non-combat,Medium shot
7422617346390494471.mp4_scene_10,M,Outdoor,Non-combat,Medium full shot
7422617346390494471.mp4_scene_11,F,Outdoor,Non-combat,Medium full shot
7422617346390494471.mp4_scene_12,M,Outdoor,Non-combat,Medium full shot
7422617346390494471.mp4_scene_13,no_spox,Indoor,Non-combat,Full shot
7422617346390494471.mp4_scene_14,F,Outdoor,Non-combat,Medium full shot
7422617346390494471.mp4_scene_15,no_spox,Indoor,Non-combat,Wide shot
7422617346390494471.mp4_scene_16,no_spox,Outdoor,Non-combat,Wide shot
7422617346390494471.mp4_scene_17,no_spox,Outdoor,Non-combat,Wide shot
7422680433990569234.mp4_scene_1,F,Indoor,Non-combat,Medium shot
7422680433990569234.mp4_scene_2,F,Indoor,Non-combat,Medium shot
7422680433990569234.mp4_scene_3,M,Outdoor,Combat,Medium shot
7422680433990569234.mp4_scene_4,M,Outdoor,Non-combat,Medium shot
7422680433990569234.mp4_scene_5,M,Outdoor,Non-combat,Medium shot
7422680433990569234.mp4_scene_6,F,Indoor,Non-combat,Medium shot
7422680433990569234.mp4_scene_7,F,Indoor,Non-combat,Medium shot
7422680433990569234.mp4_scene_8,M,Outdoor,Combat,Medium shot
7422680433990569234.mp4_scene_9,M,Outdoor,Non-combat,Medium shot
7422680433990569234.mp4_scene_10,M,Outdoor,Non-combat,Medium shot
7422680433990569234.mp4_scene_11,M,Outdoor,Non-combat,Medium shot
7422680433990569234.mp4_scene_12,F,Indoor,Non-combat,Medium shot
7422680433990569234.mp4_scene_13,F,Indoor,Non-combat,Medium shot
7422680433990569234.mp4_scene_14,F,Indoor,Non-combat,Medium shot
7422680433990569234.mp4_scene_15,M,Outdoor,Non-combat,Medium shot
7422680433990569234.mp4_scene_16,F,Indoor,Non-combat,Medium shot
7422680433990569234.mp4_scene_17,M,Outdoor,Non-combat,Medium shot
7422680433990569234.mp4_scene_18,M,Outdoor,Non-combat,Medium shot
7422680433990569234.mp4_scene_19,M,Outdoor,Combat,Medium shot
7422680433990569234.mp4_scene_20,M,Outdoor,Combat,Medium shot
7422680433990569234.mp4_scene_21,M,Outdoor,Combat,Medium shot
7422680433990569234.mp4_scene_22,F,Indoor,Non-combat,Medium shot
7422680433990569234.mp4_scene_23,M,Outdoor,Combat,Medium shot
7422934013553216775.mp4_scene_1,F,Outdoor,Non-combat,Medium full shot
7422934013553216775.mp4_scene_2,F,Outdoor,Non-combat,Medium full shot
7422934013553216775.mp4_scene_3,F,Outdoor,Non-combat,Medium full shot
7422934013553216775.mp4_scene_4,no_spox,Outdoor,Combat,Full shot
7422934013553216775.mp4_scene_5,no_spox,Indoor,Combat,Wide shot
7422934013553216775.mp4_scene_6,F,Outdoor,Non-combat,Medium full shot
7422934013553216775.mp4_scene_7,F,Outdoor,Non-combat,Medium full shot
7422934013553216775.mp4_scene_8,F,Outdoor,Non-combat,Medium full shot
7422934013553216775.mp4_scene_9,F,Outdoor,Non-combat,Medium shot
7422934013553216775.mp4_scene_10,F,Outdoor,Non-combat,Medium full shot